kmh,lat,lng,len_m,fwd,rev,pts
150,21.703924999999998,104.839525,1.5195241997439584,150,100,2
150,20.678235,105.08433,2.3617755523673356,150,150,2
150,20.65111,105.155945,3.8370010644305164,150,150,2
150,21.44905,105.13938,3.04152856021205,100,150,2
150,21.440085,105.12221500000001,3.301816222824894,150,100,2
150,21.820515,105.18173999999999,3.9274599025922243,150,50,2
150,20.630555,105.220835,1.5246597514715814,150,150,2
150,20.621814999999998,105.234855,1.5247006277184376,150,150,2
150,20.829925000000003,105.357975,1.5237232323194612,150,150,2
150,21.36716,105.381265,3.1100519201515437,100,150,2
150,21.27761,105.498865,5.186583076382112,150,120,2
150,18.89723,105.57506,2.2263999999157136,120,150,2
150,18.897199999999998,105.574975,2.4629426984972764,120,150,2
150,19.06336,105.582195,2.4624938864408255,150,120,2
150,19.055675,105.5822,5.566000000184772,150,120,2
150,20.99566,105.52336,2.2263999999157136,150,150,2
150,20.99042,105.53318,2.0786568391180427,100,150,2
150,21.113355,105.53087500000001,4.5671340933903295,150,150,2
150,21.11714,105.52718999999999,6.0894397451560875,90,150,2
150,21.278705000000002,105.596935,5.304663952278105,150,90,2
150,21.28003,105.52357,4.7087901916358055,120,150,2
150,21.2796,105.591925,5.186512920423594,150,60,2
150,18.708845,105.64393,2.384549840533029,150,150,2
150,18.706944999999997,105.627215,1.533282426388391,150,150,2
150,18.702905,105.6235,2.384615192707267,150,150,2
150,18.747374999999998,105.63229,1.1131999999578568,150,150,2
150,19.128115,105.61391499999999,1.531459328076331,150,120,2
150,19.159284999999997,105.641875,1.5313229461016793,150,120,2
150,21.08331,105.632385,5.434808767782522,150,150,2
150,21.059415,105.64531,3.933159720088076,150,150,2
150,21.072245000000002,105.634485,5.6620998135692755,150,150,2
150,21.28217,105.62407,2.0745689236865066,150,60,2
150,21.280825,105.620305,25.876026621967945,150,60,2
150,19.36328,105.727555,2.46167520513545,150,120,2
150,19.473315,105.790775,5.6640843601460915,120,150,2
150,19.559845000000003,105.7981,3.3395999998735704,120,150,2
150,18.42842,105.889065,5.464963244150647,150,150,2
150,19.94055,105.821695,2.4600683506437093,150,120,2
150,19.98031,105.843975,4.574052410638096,150,120,2
150,20.07325,105.853355,2.4596932542265093,150,120,2
150,20.55756,105.81706,2.2263999999157136,140,150,2
150,20.91273,105.86009,2.2263999999157136,120,150,2
150,20.958785,105.84946,1.1131999999578568,120,150,2
150,21.275705000000002,105.89038,2.3544486490110432,150,0,2
150,20.548665,105.98105,2.363339022047896,150,120,2
150,20.539665,105.96592,2.363447283115527,120,150,2
150,20.64754,105.95001500000001,1.0416961351161707,150,150,2
150,20.93991,105.967285,2.4571916227452006,150,60,2
150,21.02586,105.98728,2.0781631379787933,150,150,2
150,21.094685,105.96743,1.1131999999578568,150,0,2
150,21.094175,105.96751,1.1132000003533449,50,150,2
150,21.034785,105.934245,1.522752559768454,150,120,2
150,21.006155,105.912975,1.5228887110460898,150,120,2
150,21.07843,105.968995,2.4567835208604136,150,90,2
150,21.078325,105.96913,1.1131999999578568,90,150,2
150,21.11004,105.98876,2.0769872715576216,150,0,2
150,21.100695,105.964645,1.5224385499499151,0,150,2
150,21.111964999999998,105.980725,1.5223847616160164,150,0,2
150,21.1114,105.983075,1.0384841188100093,150,0,2
150,21.10956,105.990305,1.0384969930934862,150,0,2
150,20.5744,106.02649500000001,3.1265891126852177,120,150,2
150,20.590505,106.08449,2.36283515122108,150,90,2
150,20.557035,106.008135,1.5250031132239954,150,120,2
150,20.590705,106.085905,1.52484599896609,150,60,2
150,20.59061,106.08453,2.0841713018688415,120,150,2
150,20.68463,106.088175,2.4579377264846993,120,150,2
150,20.673814999999998,106.088675,3.4982400657250605,120,150,2
150,20.687095,106.087685,3.4982129375096442,150,150,2
150,20.68708,106.087555,2.4579306026388013,150,150,2
150,20.67437,106.08885,2.2263999999157136,150,120,2
150,20.75399,106.078135,2.4577357565762097,150,120,2
150,20.757655,106.076415,1.5240636489585577,150,0,2
150,20.853634999999997,106.021025,1.5236112755235722,150,0,2
150,20.849355000000003,106.022865,1.5236315323537966,150,0,2
150,20.849204999999998,106.023085,1.5236322405681029,150,0,2
150,20.856425,106.02222499999999,1.523598098520396,90,150,2
150,20.853665,106.020465,1.5236111338544822,0,150,2
150,20.856045,106.021965,1.5235999404193938,90,150,2
150,20.8441,106.025865,2.4574725708443728,0,150,2
150,20.84952,106.023225,2.4574566482659717,150,50,2
150,20.922525,106.092495,1.5232854828533173,150,80,2
150,21.074455,106.09343,1.1131999999578568,50,150,2
150,21.088855000000002,106.00715,1.1131999999578568,150,150,2
150,21.085875,106.048805,1.52250924164482,150,150,2
150,21.08527,106.06020000000001,2.0773337349049217,150,150,2
150,21.07481,106.01047,2.2263999999157136,150,150,2
150,21.08913,106.036705,3.1159196565473963,150,150,2
150,21.0381,106.04768,2.2263999999157136,150,50,2
150,21.03877,106.096285,3.1169746426796423,50,150,2
150,21.079034999999998,106.092495,1.5225418061913991,150,50,2
150,21.043934999999998,106.04892,1.1131999999578568,80,150,2
150,21.086105,106.072495,1.522508145162748,150,130,2
150,21.08603,106.06308,2.0773231118244313,150,150,2
150,21.135264999999997,106.080735,1.5222734808110825,150,90,2
150,21.133395,106.082555,1.5222824162794029,90,150,2
150,21.118295,106.04133,2.356397694110218,150,150,2
150,21.134805,106.081445,1.5222756313405044,150,0,2
150,21.139145,106.0758,1.1131999999578568,150,0,2
150,21.137095000000002,106.07899,2.356165613688622,150,0,2
150,21.120269999999998,106.085425,2.4566598111969973,0,150,2
150,21.119945,106.085205,1.5223466619327148,150,0,2
150,21.125140000000002,106.085255,2.4566453984496373,150,0,2
150,21.123804999999997,106.08577,1.1131999999578568,150,0,2
150,21.045035,106.13237000000001,2.357300241661469,150,150,2
150,21.143095000000002,106.15251,1.1131999999578568,150,150,2
150,21.08396,106.259375,1.0386760229756076,150,150,2
150,10.444055,106.34252,1.1131999999578568,150,120,2
150,10.452635,106.344905,1.5612945696215308,150,120,2
150,21.110655,106.328435,1.5223909683041938,150,150,2
150,21.112295000000003,106.471185,1.5223831395429406,80,150,2
150,20.548724999999997,106.56313,2.3633384204747245,50,150,2
150,20.56586,106.554665,2.458282248439324,150,50,2
150,20.561075000000002,106.556775,1.524984319994716,150,150,2
150,20.5071,106.54696,3.0504713657954725,150,150,2
150,20.55142,106.55995,3.0500587246520316,150,150,2
150,20.680645,106.55084,1.1131999999578568,150,150,2
150,20.68608,106.55064,2.2263999999157136,150,150,2
150,20.658365,106.54994,1.1132000003533449,150,150,2
150,20.83514,106.555905,2.457498730719863,150,0,2
150,21.06499,106.570965,1.0388085546373542,150,150,2
150,20.82215,106.62449,4.452799999831427,150,90,2
150,20.981344999999997,106.67269,1.1131999999578568,120,150,2
150,20.926605000000002,106.656085,5.662285868594189,150,120,2
150,20.998185,106.681255,1.5229266302287734,120,150,2
150,21.000365000000002,106.6834,2.3578492692746105,120,150,2
150,21.046585,106.69002,2.357281298944771,150,150,2
150,21.04717,106.68594999999999,2.0778658922143434,150,150,2
150,21.05197,106.623065,3.116698349770114,120,150,2
150,20.7693,106.70911000000001,2.0817192079474904,150,120,2
150,20.86712,106.789505,2.4574051671540333,150,120,2
150,20.836435,106.751045,3.4979069382465102,120,150,2
150,21.03031,106.77377,2.078101090534074,150,50,2
150,21.044925,106.71072,1.1131999999578568,70,150,2
150,21.033645,106.75495000000001,2.357440427358191,150,50,2
150,21.00685,106.871345,1.039214028959907,150,120,2
150,20.97337,106.92847499999999,2.4570932507035685,150,120,2
150,20.972665,106.965315,1.5230478147265256,150,120,2
150,21.09124,107.323465,3.1158754017788675,150,120,2
150,10.86665,107.568405,1.0932387799158885,150,120,2
150,12.02797,109.10197,4.891140625232676,150,90,2
145,21.220190000000002,105.522155,4.572121202665276,145,50,2
140,21.48177,103.01963,4.703754412171747,90,140,2
140,21.478455,103.017485,5.661575144826192,140,140,2
140,21.743215,103.082125,5.66122874276913,140,140,2
140,22.026040000000002,103.15924,6.679200000142629,140,140,2
140,22.05735,103.156635,4.570763631968972,140,140,2
140,22.01548,103.15754,6.679199999747141,50,140,2
140,22.01592,103.157495,6.758460484273162,140,50,2
140,22.76143,104.137295,5.594625913770711,140,140,2
140,10.21442,104.594995,4.58559406397392,140,50,2
140,10.215209999999999,104.59484499999999,6.768452690720985,50,140,2
140,21.63733,104.502825,4.5714501346167244,140,140,2
140,21.96887,104.57248999999999,6.072886056219827,140,140,2
140,22.41536,104.59852000000001,4.116363539785631,140,140,2
140,22.41323,104.573835,5.606547418382111,140,140,2
140,21.867815,104.71378999999999,6.297768073903473,140,140,2
140,21.747935,104.83385999999999,5.3158528506921945,140,140,2
140,21.723,104.84886499999999,5.427018951906234,140,140,2
140,21.759415,104.81845,5.937677215594143,140,140,2
140,8.861725,104.844315,4.694803649294339,140,140,2
140,21.71191,104.92846499999999,6.824071991610631,140,0,2
140,23.062075,104.99168,4.245480568544777,140,140,2
140,18.93798,105.066715,3.864590300007552,80,140,2
140,18.93757,105.07056499999999,5.264727761489315,140,50,2
140,21.970205,105.09854,5.3108505180895245,50,140,2
140,21.970705000000002,105.098015,4.554637851816588,140,80,2
140,23.058815000000003,105.013305,6.11396719355025,140,140,2
140,18.929465,105.10342499999999,5.381380962752269,0,140,2
140,18.92964,105.10437999999999,4.764205384431767,60,140,2
140,21.38953,105.151785,4.571850099207448,140,140,2
140,21.39604,105.14527,4.452799999831427,140,140,2
140,21.39353,105.1453,4.452800000226915,140,140,2
140,21.405695,105.14598000000001,5.939440053083854,140,140,2
140,21.645505,105.185985,1.5198095732944246,140,0,2
140,21.96094,105.10405,4.908261964528696,140,140,2
140,9.270075,105.106935,4.692168248833038,140,0,2
140,9.27243,105.108945,5.539927478387892,140,0,2
140,9.968599999999999,105.13914,6.249855899131557,140,80,2
140,9.96699,105.13756000000001,6.249871096773912,50,140,2
140,9.912915,105.15178,5.512961838152755,140,50,2
140,9.912375,105.152305,4.687788669209574,50,140,2
140,10.823935,105.29480000000001,6.65414645086801,140,140,2
140,19.053305,105.2816,5.372838002554123,140,140,2
140,21.291545,105.26952,2.3542517814942614,0,140,2
140,21.298945000000003,105.29856,8.371671685495116,60,140,2
140,21.284945,105.258355,6.16853986228449,0,140,2
140,21.293335,105.27186,2.3542295258359225,140,0,2
140,21.325825000000002,105.29209499999999,4.564077663508065,140,0,2
140,21.7595,105.220255,4.57125150540602,140,0,2
140,21.757615,105.22180499999999,4.557783875872327,140,0,2
140,21.782525,105.20715,3.927748458511941,140,0,2
140,21.783630000000002,105.20640499999999,5.426270339163083,140,90,2
140,21.77992,105.20900499999999,5.426315703570102,140,0,2
140,21.779145,105.20951500000001,4.55746717654905,140,0,2
140,22.162115,105.265125,5.660673879520115,140,140,2
140,22.14036333333333,105.27539,5.566000000184772,140,140,3
140,10.44587,105.369335,5.473752651447759,140,140,2
140,18.80058,105.33331,4.926404366006544,140,140,2
140,20.043915,105.39959999999999,3.9404946175792706,140,140,2
140,20.06739,105.38539499999999,5.4467664666226705,140,140,2
140,20.104385,105.37635,5.351422354280586,140,140,2
140,21.02088,105.30031,9.1369132339673,140,140,2
140,21.0001,105.315225,5.435807385308975,140,140,2
140,21.298634999999997,105.301515,9.400658816245052,140,60,2
140,21.338105,105.39400499999999,3.4968654253659954,140,60,2
140,21.302785,105.33372,2.3541120025012985,0,140,2
140,21.3044,105.336345,11.477717823685596,140,60,2
140,21.358069999999998,105.353835,3.8249809277189155,140,50,2
140,10.20635,105.403905,4.585600671350223,140,140,2
140,18.510745,105.43467000000001,4.366707315054876,140,140,2
140,18.509504999999997,105.499865,4.602373574118479,140,140,2
140,18.50876,105.449455,5.278099378635549,140,140,2
140,18.50912,105.44282000000001,6.333705934039349,140,140,2
140,18.603845,105.40825000000001,4.364481000523786,140,140,2
140,18.605625,105.4042,5.381638962164951,140,140,2
140,19.268335,105.489045,4.592532817685473,140,60,2
140,19.27777,105.48106,6.686254169272139,60,140,2
140,19.268615,105.4888,3.9458830267328655,60,140,2
140,20.19012,105.477525,4.573732421611506,50,140,2
140,20.189655000000002,105.477375,5.663211368938253,140,50,2
140,20.21728,105.48821000000001,4.7345928056016575,140,140,2
140,21.009915,105.46861999999999,5.332135359795972,140,140,2
140,21.24349,105.490515,2.4562942872257625,140,50,2
140,9.239435,105.46157500000001,5.605435330025939,140,140,2
140,9.420825,105.471395,6.467956891351947,140,140,2
140,10.143225000000001,105.58071000000001,5.51048270127922,80,140,2
140,10.143435,105.58048500000001,4.686143448400776,140,50,2
140,10.28702,105.517675,4.585534099700922,140,140,2
140,10.32482,105.51968500000001,5.4758724904152345,140,140,2
140,10.515785000000001,105.56057999999999,5.506353649196128,140,140,2
140,18.387915,105.514915,6.249038803897682,80,140,2
140,18.505555,105.50321,5.38357986287224,140,140,2
140,18.515484999999998,105.572025,1.5340990987288385,50,140,2
140,18.530945000000003,105.562885,3.356428673808608,140,140,2
140,18.6988,105.51106,4.217767825280304,140,140,2
140,18.87038,105.57625,4.452799999831427,120,140,2
140,18.955195,105.56173,5.566000000184772,0,140,2
140,18.96054,105.56175,4.452800000226915,0,140,2
140,19.017409999999998,105.58548,4.452800000226915,140,0,2
140,19.104475,105.569665,4.5946880253258096,140,140,2
140,21.04854,105.50512499999999,5.435226460644187,140,140,2
140,21.42323,105.59646000000001,4.705219675097008,140,140,2
140,21.42781,105.59040999999999,4.705105130625426,140,140,2
140,9.27373,105.587165,5.5399202151135585,140,140,2
140,9.93389,105.57297,6.250183014944126,140,140,2
140,9.927945000000001,105.56655,5.512802048334115,140,140,2
140,10.23818,105.6111,4.9626292086109896,140,140,2
140,10.32415,105.65821500000001,5.475884155510273,140,140,2
140,10.329245,105.695255,5.587803582321588,140,140,2
140,10.36425,105.626035,6.768368954240374,140,140,2
140,10.327095,105.66459499999999,6.413865971704171,140,140,2
140,10.447455,105.680545,5.585774579553142,140,140,2
140,18.198965,105.67889500000001,6.406668251763327,140,140,2
140,18.275779999999997,105.680835,6.762326797841719,50,140,2
140,18.273615,105.680605,5.66548628996571,140,140,2
140,18.308030000000002,105.697465,5.466245963160894,140,50,2
140,18.310200000000002,105.698895,5.466222916742687,140,140,2
140,18.546235,105.655255,5.66517436564876,0,140,2
140,18.536385000000003,105.66785999999999,4.366095183204096,140,0,2
140,18.53648,105.667845,5.27724391346864,0,140,2
140,18.53658,105.65812,4.221792661010933,50,140,2
140,18.53697,105.65043499999999,5.277228781998482,140,80,2
140,18.619355,105.609565,6.402840355862623,140,140,2
140,18.61496,105.60664,6.134703302909523,140,140,2
140,18.66981,105.61871,4.927102846956065,140,140,2
140,18.652105,105.64880500000001,5.389872904623342,140,140,2
140,18.7875,105.69794999999999,4.215552790059783,140,0,2
140,18.785705,105.671325,5.385797317811159,140,140,2
140,18.77034,105.6488,4.926566264578509,140,0,2
140,18.808805,105.652545,5.6648702437888945,140,0,2
140,18.808825,105.652465,5.664870278078557,140,0,2
140,18.812105000000003,105.653,5.565999999789284,140,0,2
140,18.92673,105.607865,4.575616498950852,140,0,2
140,18.92427,105.60858,4.925739572227561,140,0,2
140,18.90898,105.605525,4.575642173618821,140,0,2
140,18.965015,105.6012,1.1131999999578568,140,0,2
140,18.96409,105.601375,4.575562211947073,140,0,2
140,19.159195,105.64190500000001,4.593970151163456,0,140,2
140,19.15784,105.640675,5.457034503502074,0,140,2
140,19.168065,105.64996500000001,4.593853610790202,0,140,2
140,19.694285,105.681165,5.663817893771641,140,50,2
140,19.694855,105.68123,5.566000000184772,50,140,2
140,19.62497,105.64175,6.29121308977183,50,140,2
140,19.625085,105.64034000000001,4.3393565868924036,140,50,2
140,19.8982,105.68084,4.920375052395653,140,50,2
140,19.898605,105.68105,5.946679419328664,80,140,2
140,20.8093,105.64524,2.2263999999157136,50,140,2
140,20.808799999999998,105.64524,6.679200000142629,140,50,2
140,20.928604999999997,105.68548000000001,4.305433915019851,140,140,2
140,21.33733,105.65198000000001,6.6077451454805995,140,130,2
140,21.33732,105.65167,6.607746343566162,140,0,2
140,21.30326,105.62559,2.074271330779668,140,0,2
140,21.401985,105.61101,5.9394581670004944,140,140,2
140,9.29923,105.68692999999999,4.926110214771473,140,140,2
140,9.79541,105.60007,4.963951142057175,0,140,2
140,9.841294999999999,105.65111999999999,5.513721520956154,0,140,2
140,9.806795000000001,105.607475,6.466043933185908,0,140,2
140,9.847629999999999,105.66264000000001,4.919788185901186,0,140,2
140,9.801559999999998,105.60407000000001,4.963933166391441,0,140,2
140,10.065455,105.793845,4.686702675472498,140,140,2
140,10.109675,105.74342,5.510847359221819,140,140,2
140,10.100670000000001,105.76276,4.916751302355076,140,140,2
140,10.326754999999999,105.70557500000001,4.684811513441643,140,140,2
140,10.320295,105.71781999999999,6.664766790210732,140,140,2
140,10.660995,105.73279,4.515314498471591,140,140,2
140,10.64678,105.78277,4.90993835371823,140,140,2
140,10.661,105.73571000000001,4.375939988185577,140,140,2
140,18.139499999999998,105.72652500000001,5.468027929222797,140,140,2
140,18.435085,105.790655,4.603319384621301,140,0,2
140,18.435385,105.790505,4.60331557809834,0,140,2
140,18.512790000000003,105.724855,4.576211142753654,140,0,2
140,18.51319,105.724755,4.576210630465318,140,0,2
140,18.63052,105.727735,5.724984199449718,140,0,2
140,18.63072,105.727475,5.724977909302917,140,0,2
140,18.63158,105.72346999999999,4.219439722048511,140,0,2
140,18.631504999999997,105.723455,5.390498795080426,140,0,2
140,18.767454999999998,105.7302,3.9492666781017935,140,140,2
140,18.787785,105.70389499999999,5.385733649629352,140,0,2
140,18.787844999999997,105.7039,4.360049061324533,140,0,2
140,18.716839999999998,105.7131,4.926851923444393,80,140,2
140,18.71477,105.71239,4.9268629699577104,140,50,2
140,18.748665000000003,105.735585,5.664940282349726,140,140,2
140,19.423000000000002,105.764895,5.454084504067188,140,0,2
140,19.42295,105.764955,5.454085064247307,90,140,2
140,19.92384,105.74660499999999,5.232854964352767,80,140,2
140,19.92379,105.74562499999999,5.232856619560003,140,60,2
140,20.310360000000003,105.75036,6.679200000142629,140,140,2
140,20.453035,105.77754,3.3396000002690585,140,140,2
140,20.778395000000003,105.73849,6.34322581895268,60,140,2
140,20.778534999999998,105.73775,4.309444887586016,140,80,2
140,20.84148,105.77093500000001,4.572721305915818,0,140,2
140,20.8402,105.771005,4.572723256351717,0,140,2
140,21.01055,105.71421000000001,2.078376511839907,140,0,2
140,21.011,105.72002499999999,1.0391851204168756,140,0,2
140,21.003185000000002,105.77877000000001,4.3034308369499845,100,140,2
140,21.188395,105.78058,5.566000000184772,0,140,2
140,21.19097,105.78066,4.452799999831427,0,140,2
140,21.120064999999997,105.771425,3.3081903349612363,60,140,2
140,21.62078,105.790775,6.758896845912412,0,140,2
140,21.620095,105.790825,5.661390289901267,0,140,2
140,21.714925,105.717585,6.372325917540545,140,140,2
140,21.745604999999998,105.70409,5.565999999789284,140,50,2
140,21.746065,105.70413,5.565999999789284,80,140,2
140,21.7693,105.76740000000001,6.076815938507669,120,140,2
140,9.340425,105.715765,5.673352407805017,140,0,2
140,9.31774,105.719135,4.586300947508302,140,120,2
140,9.340589999999999,105.715655,4.586283740921976,140,0,2
140,10.035975,105.837565,5.672912564671225,80,140,2
140,10.084025,105.835145,5.672881023592275,140,0,2
140,10.089300000000001,105.83686,4.96307999538892,0,140,2
140,10.08488,105.83535499999999,4.585700012474886,0,140,2
140,10.082345,105.834495,5.672882127673999,0,140,2
140,10.109805,105.89034000000001,5.510845947166676,140,0,2
140,10.14632,105.857855,4.585649908279203,140,0,2
140,10.143799999999999,105.857095,4.585651969101577,140,0,2
140,10.142135,105.856615,5.672842725578029,140,0,2
140,10.261475,105.86080000000001,4.520778415180381,140,140,2
140,10.638355,105.88734,4.515629761639913,50,140,2
140,10.638315,105.88757000000001,4.515630317811049,140,50,2
140,10.65297,105.80312,4.376055394826802,80,140,2
140,10.65298,105.80269000000001,4.376055251160902,140,50,2
140,17.81711,105.893185,6.762758878232059,140,140,2
140,17.824225,105.892055,5.665991640702817,140,140,2
140,18.57898,105.826775,5.463349464508563,140,140,2
140,19.958005,105.84850499999999,4.5832808490019445,140,140,2
140,19.98035,105.844075,4.574052350284589,0,140,2
140,20.122605,105.849345,4.581029774477526,140,0,2
140,20.585295000000002,105.89102,3.3395999998735704,80,140,2
140,20.583019999999998,105.89103,4.452800000226915,60,140,2
140,20.582160000000002,105.89103,4.452800000226915,140,80,2
140,20.56099,105.817755,4.573159979406427,80,140,2
140,20.584355000000002,105.89102,3.3395999998735704,140,60,2
140,20.794204999999998,105.88802,5.942430716413634,140,140,2
140,20.78339,105.893145,4.572812559369612,140,140,2
140,20.862325,105.86749,5.9421011235929715,80,140,2
140,20.8784,105.861325,5.437261804742728,140,140,2
140,21.022855,105.89399,3.9334289673051583,140,0,2
140,21.0014,105.826745,1.039251982970439,140,0,2
140,21.00145,105.826815,1.0392516348112446,140,0,2
140,21.14547,105.84017,6.088899116224714,140,140,2
140,21.12446,105.81609499999999,5.191963489183273,0,140,2
140,21.12474,105.816105,5.191953686156761,0,140,2
140,21.242895,105.848955,5.661880327986642,140,140,2
140,21.264015,105.851315,3.4970205189351375,140,60,2
140,21.263225,105.85091,5.940143011976588,50,140,2
140,21.22069,105.83934500000001,2.456362055263974,140,0,2
140,21.548975,105.847325,4.560838769765806,140,0,2
140,21.548445,105.84786,5.320303865229721,140,0,2
140,22.646115,105.89501000000001,5.295360969162297,140,140,2
140,9.628495000000001,105.83704499999999,5.599363818617245,140,140,2
140,9.766359999999999,105.85389,4.96403590014873,140,120,2
140,9.706620000000001,105.897165,5.537446138367915,140,120,2
140,9.750409999999999,105.86525499999999,5.53718999047717,140,120,2
140,10.119765000000001,105.903695,4.6863134909252215,140,0,2
140,10.25959,105.907135,4.585556770536318,0,140,2
140,10.24586,105.90326,4.9626057828427905,140,0,2
140,10.25057,105.904655,4.585564223687017,140,0,2
140,10.208835,105.94574,5.981764251841936,140,140,2
140,10.247605,105.903785,5.672772675469872,140,0,2
140,10.253385000000002,105.90537499999999,5.6727688161872845,0,140,2
140,10.25521,105.905895,4.585560390286729,0,140,2
140,10.2457,105.903115,4.585568245114458,0,140,2
140,10.626765,105.94939500000001,5.582653051527188,50,140,2
140,10.62667,105.94990999999999,4.376432774936578,140,50,2
140,10.628615,105.939445,5.5826205723846085,140,140,2
140,20.20733,105.96095,2.2263999999157136,140,90,2
140,20.20906,105.96113,2.2263999999157136,140,90,2
140,20.238315,105.952985,1.526479110970975,120,140,2
140,20.36037,105.92113499999999,4.57347071527523,140,0,2
140,20.339199999999998,105.929,4.917870304795021,140,0,2
140,20.437765,105.969365,5.662902804435943,140,0,2
140,20.55182,105.99086,4.726601998606674,0,140,2
140,20.53841,105.95396500000001,5.212209491153089,140,0,2
140,20.87662,105.98442499999999,5.657120893461638,140,0,2
140,20.876455,105.98551499999999,3.3129824208444867,0,140,2
140,20.87829,105.982355,5.437263116891356,0,140,2
140,20.93704,105.968655,2.4572000543163104,140,60,2
140,20.982084999999998,105.945005,1.5230030508213341,140,120,2
140,20.926825,105.97426999999999,3.934135076833071,120,140,2
140,21.030625,105.958865,6.379416313143596,140,140,2
140,21.159455,105.95773,5.565999999789284,140,140,2
140,21.13204,105.96339499999999,4.572261724603013,140,140,2
140,22.65728,105.93671,4.6735464341978465,140,140,2
140,22.652430000000003,105.98038,4.452800000226915,140,140,2
140,9.56974,105.95320000000001,4.964603288178778,140,0,2
140,9.56963,105.95324500000001,5.538240942823531,140,0,2
140,9.566925000000001,105.950605,4.690179944073838,140,0,2
140,9.567585000000001,105.95137,5.516575383510379,140,0,2
140,9.567495000000001,105.951415,4.690175862873041,140,60,2
140,9.683795,105.95917,5.98305598867761,50,140,2
140,9.684190000000001,105.9593,7.03052658957369,140,50,2
140,9.655245,105.94148999999999,5.515669763142953,80,140,2
140,9.603765,105.91733500000001,5.599757120056867,140,140,2
140,9.750675000000001,105.97961000000001,5.982895100047406,50,140,2
140,9.704550000000001,105.964525,6.768730628705471,140,50,2
140,9.750995,105.97975,5.9828943276790945,140,50,2
140,17.875304999999997,106.037395,4.61032200628858,140,140,2
140,19.98576,106.06801999999999,4.9198816490017965,140,140,2
140,20.000185000000002,106.06993,5.565999999789284,140,140,2
140,20.065065,106.076425,5.663365101800485,140,140,2
140,20.068975000000002,106.073775,4.581764618439532,140,140,2
140,20.313575,106.02377,5.94473052639875,140,140,2
140,20.64112,106.09113,2.2263999999157136,140,120,2
140,21.19507,106.09742,2.2263999999157136,140,120,2
140,21.160915000000003,106.04722000000001,5.32884546917397,140,120,2
140,21.160155,106.04823999999999,5.328862084097956,140,0,2
140,22.672595,106.08863500000001,5.25513196915498,140,140,2
140,9.86266,106.07634999999999,4.386992799628251,140,140,2
140,9.882909999999999,106.060225,4.585862692490802,140,140,2
140,10.253715,106.13366500000001,5.5890881759146565,140,140,2
140,10.4035,106.16119499999999,5.474497418634936,140,0,2
140,10.403435,106.16091499999999,5.5865327127652815,0,140,2
140,11.10396,106.18161,4.95988220918749,0,140,2
140,11.104009999999999,106.181475,4.584831332994727,140,0,2
140,11.14556,106.12587500000001,4.584794224715347,140,140,2
140,11.111145,106.16792000000001,4.508911950545064,140,140,2
140,11.205025,106.14959,5.565999999987028,140,0,2
140,11.21751,106.15103500000001,4.584729654483998,140,0,2
140,11.217175000000001,106.15107,5.565999999987028,0,140,2
140,11.259979999999999,106.11930000000001,4.959364452745232,140,0,2
140,11.278569999999998,106.107335,5.527543818988629,140,0,2
140,11.260015,106.11936,5.978981626557373,140,0,2
140,11.278780000000001,106.10713,4.959301599002245,140,0,2
140,11.306764999999999,106.184,5.497107070444166,140,0,2
140,11.319289999999999,106.164795,5.894379689665379,0,140,2
140,11.31914,106.16467499999999,5.89438269096053,0,140,2
140,20.365945,106.130065,6.386118346320693,140,80,2
140,20.590085000000002,106.14555,6.350859474032797,0,140,2
140,20.58858,106.18826,4.725716588385558,140,0,2
140,20.71589,106.18688,4.91569371677193,40,140,2
140,20.714305000000003,106.18909500000001,5.323873723670672,140,140,2
140,20.715519999999998,106.1871,4.915695871271677,140,40,2
140,20.730705,106.17447,5.338163927141581,140,80,2
140,20.717019999999998,106.18623500000001,5.439179188499259,140,140,2
140,20.714115,106.19073,6.345839019443833,140,140,2
140,20.919024999999998,106.134395,7.363404940153743,0,140,2
140,20.916725,106.12213,6.3375761116012335,0,140,2
140,21.05172,106.150585,1.0389011937248414,140,140,2
140,22.61409,106.17455,4.904220415459211,140,140,2
140,22.67118,106.198635,5.41511019495613,50,140,2
140,22.75147,106.139125,3.8002254753925118,140,50,2
140,22.752285,106.13787500000001,4.5428705022294364,80,140,2
140,10.433535,106.23688999999999,4.5184504564897106,0,140,2
140,11.069505,106.294105,3.46135839829329,140,0,2
140,11.07209,106.29563999999999,6.554875570074388,140,140,2
140,11.071280000000002,106.29332500000001,5.5289315633986735,140,140,2
140,11.07219,106.29926499999999,5.462394442516943,140,140,2
140,11.103940000000001,106.261385,4.584831395770267,0,140,2
140,11.103919999999999,106.2613,4.959882341042552,140,0,2
140,17.962035,106.28302,5.955317185444827,0,140,2
140,17.97317,106.27962,4.930751415448221,0,140,2
140,17.96291,106.282835,4.5769835580845415,140,0,2
140,17.973335,106.27963,5.565999999789284,140,0,2
140,20.18674,106.29030333333333,6.4454576383033295,140,140,3
140,20.201414999999997,106.23312999999999,4.3246135764338565,140,140,2
140,20.202914999999997,106.23594,4.32457467750471,140,140,2
140,20.43583,106.27088499999999,5.215697256772998,140,0,2
140,20.43559,106.27534499999999,5.2157053972809315,140,80,2
140,20.43563,106.27698000000001,2.08628161532495,140,0,2
140,20.864874999999998,106.291485,5.662364499694205,0,140,2
140,21.25553,106.263905,5.644959537528735,140,80,2
140,21.286195,106.234185,5.304405388709516,50,140,2
140,21.272084999999997,106.21142499999999,1.5216178008541592,50,140,2
140,21.258879999999998,106.26897,6.086724674921904,80,140,2
140,21.33231,106.25095,4.912059235766666,140,140,2
140,21.333525,106.270155,5.661763209386843,0,140,2
140,21.35186,106.28437,6.220753453048855,140,140,2
140,21.30557,106.24778,4.9122187370824,140,140,2
140,21.30128,106.224725,6.835159467476652,140,140,2
140,9.926135,106.29911000000001,4.525205415808867,50,140,2
140,10.242365,106.343895,4.685427661096497,140,0,2
140,10.24315,106.3433,4.962614172989422,140,0,2
140,10.315684999999998,106.312885,5.672727089658933,140,0,2
140,10.443995000000001,106.3426,1.1132000001556008,140,0,2
140,10.455134999999999,106.378635,5.67263284799976,140,140,2
140,10.43948,106.366945,5.533008329699857,140,140,2
140,10.447040000000001,106.372825,5.5329609177325905,140,140,2
140,10.42421,106.35828000000001,4.912757682604129,140,140,2
140,10.56201,106.34565,4.911018945059905,0,140,2
140,10.914575,106.320715,4.680385105479462,140,140,2
140,10.94866,106.363845,4.584968872098534,140,50,2
140,10.949300000000001,106.363615,4.584968309116844,80,140,2
140,11.045435000000001,106.34517,5.500234361800699,0,140,2
140,11.087589999999999,106.37359000000001,4.959936132904314,140,0,2
140,11.046315,106.33967000000001,5.500223595364242,140,0,2
140,11.090485000000001,106.378175,5.574337321069513,0,140,2
140,11.048259999999999,106.353195,5.529084412306598,0,140,2
140,11.04729,106.3475,4.904718355419829,0,140,2
140,11.045300000000001,106.34487,4.904744760326748,0,140,2
140,11.047115,106.33864,5.500214484729658,140,0,2
140,11.142305,106.30998500000001,6.458853240557007,0,140,2
140,11.26203,106.31088500000001,5.4588227573626105,0,140,2
140,11.233495000000001,106.386135,4.677884458288806,0,140,2
140,11.30988,106.334525,5.894546104934978,80,140,2
140,11.308615,106.33364499999999,6.457896107873549,140,80,2
140,18.04496,106.37594999999999,6.350675118468104,140,140,2
140,20.636965,106.337845,5.662652858464614,80,140,2
140,20.632705,106.338975,5.662658224275943,140,80,2
140,20.724635,106.351145,6.1849528345556495,140,80,2
140,20.72267,106.34684999999999,4.722474435422195,140,80,2
140,20.721764999999998,106.34519499999999,6.185035873447331,50,140,2
140,20.738675,106.37806499999999,6.184546457630197,80,140,2
140,20.737945,106.37710000000001,5.338008521762737,140,50,2
140,20.727575,106.36250000000001,6.345292057817394,50,140,2
140,20.72776,106.36298500000001,5.66184188822903,140,50,2
140,21.11289,106.30045,2.0769473829185707,120,140,2
140,21.49671,106.34450000000001,4.703379745399623,140,140,2
140,21.49003,106.33442,4.703547296695537,140,140,2
140,21.495475,106.378045,1.520539374045324,120,140,2
140,21.526699999999998,106.363435,4.571629160741785,140,140,2
140,21.51831,106.362675,4.571642707030176,140,140,2
140,9.860195000000001,106.349875,3.5150822005600912,140,140,2
140,9.937595,106.32018500000001,4.687610865980449,140,0,2
140,9.93741,106.320195,3.9721075436998934,140,0,2
140,10.475165,106.43905000000001,3.993236597596224,140,90,2
140,10.57329,106.401955,3.9666444820328164,140,140,2
140,10.587845000000002,106.43638,5.980791053794145,140,120,2
140,10.840345,106.42775499999999,5.578866517748638,140,140,2
140,10.826550000000001,106.487155,4.585075747965881,140,140,2
140,11.0169,106.405395,5.899648657968334,0,140,2
140,11.016525000000001,106.40602999999999,5.500575949806982,140,0,2
140,11.160599999999999,106.471205,5.897162402420431,100,140,2
140,11.160525,106.47116500000001,5.5730508749790175,140,100,2
140,11.18009,106.41809,4.902945826788707,140,0,2
140,11.307369999999999,106.45509999999999,6.236393241420912,140,60,2
140,17.762035,106.444215,5.666060658013029,0,140,2
140,17.76631,106.44385,4.9318115023395235,50,140,2
140,17.704535,106.44074499999999,5.666124333908069,140,0,2
140,17.85891,106.436155,4.577127370705305,90,140,2
140,17.88792,106.44841500000001,6.919895575939015,0,140,2
140,17.940485000000002,106.476595,6.408984072035795,140,0,2
140,17.942065,106.475705,6.408970008833481,140,0,2
140,20.555565,106.48977500000001,5.329187860454024,140,80,2
140,20.555635000000002,106.490125,5.329185525482376,50,140,2
140,20.758965,106.4924,5.337557056948282,0,140,2
140,20.81592,106.4185,6.095157411056694,140,140,2
140,20.972345,106.479,5.941566661753916,140,0,2
140,20.97348,106.47974333333333,6.236677627204763,140,0,3
140,20.971725,106.4709,4.3042767294481115,140,0,2
140,20.974045,106.478675,5.66222535964143,80,140,2
140,22.68722,106.43832499999999,5.135325985879744,140,140,2
140,22.677685,106.44145499999999,4.544008484066098,140,80,2
140,22.67826,106.442295,3.801560596641425,80,140,2
140,10.16413,106.500845,5.478648748658635,140,0,2
140,10.64322,106.539265,7.053438603517626,140,60,2
140,11.172930000000001,106.59864999999999,4.959654049686665,140,0,2
140,17.43405,106.54972000000001,4.796298641443135,140,0,2
140,17.434075,106.549815,4.6157030086467925,0,140,2
140,17.486175000000003,106.56814,6.467080347469619,140,80,2
140,17.428855,106.55673999999999,5.403848671667422,0,140,2
140,17.429825,106.555295,6.273248569916506,0,140,2
140,17.433185,106.55080000000001,5.403769422382893,140,0,2
140,17.428905,106.5565,5.403847758084432,140,0,2
140,17.491175,106.51661999999999,4.390389441616658,140,140,2
140,17.49021,106.52350000000001,4.2469395650906545,140,140,2
140,17.590465000000002,106.53354,5.565999999789284,140,0,2
140,17.590335,106.53363,5.566000000184772,140,0,2
140,17.592573333333334,106.52081,6.330942732978402,140,140,3
140,20.560445,106.5047,5.3418043737420575,140,140,2
140,20.86702,106.57857,3.0470960520693695,140,120,2
140,20.999155000000002,106.54109,5.332369029477192,140,140,2
140,20.99778,106.542665,6.843234751423427,140,140,2
140,21.088305,106.51499,2.356767514819858,140,140,2
140,21.01078,106.52771000000001,6.091466624539659,80,140,2
140,21.01051,106.52803,6.091471758421302,140,50,2
140,21.579005000000002,106.51073500000001,6.159766430966569,140,50,2
140,21.578815,106.51034,4.287741825074635,140,50,2
140,21.65745,106.592585,3.8197805765695265,140,140,2
140,21.63169142857143,106.56742,4034.1312902737895,100,140,7
140,21.64658,106.57274000000001,4.699608046112724,80,140,2
140,21.6309,106.55741499999999,5.428152737190218,140,140,2
140,21.628030000000003,106.555135,5.4281880024341875,140,140,2
140,21.647554999999997,106.57568,4.2858418670300065,140,50,2
140,21.6154,106.579365,4.571485681780927,140,140,2
140,21.620065,106.55582,139.21499316937573,140,100,2
140,21.63181125,106.56735125,4115.643547521049,140,100,8
140,21.6209,106.56165,4.700256031573207,140,140,2
140,10.544195,106.64483000000001,5.506033179835139,0,140,2
140,11.37902,106.61340999999999,4.90025183969796,140,140,2
140,11.384325,106.62285499999999,6.397360073267308,140,140,2
140,20.824935,106.69871499999999,3.4979305098709754,0,140,2
140,20.92564,106.65586,4.452800000226915,140,0,2
140,21.699595000000002,106.66884999999999,6.304930988785059,140,80,2
140,21.681835,106.62215,2.3493584623721295,140,100,2
140,21.685305,106.62767,2.349314590456667,0,140,2
140,10.416229999999999,106.7672,4.912857671585485,140,140,2
140,10.79668,106.7876,6.560965514427414,0,140,2
140,10.794375,106.75800000000001,4.513444724605082,140,0,2
140,10.796155,106.79248000000001,4.513419614988446,0,140,2
140,11.21734,106.72202,7.980527499802963,90,140,2
140,11.241775,106.749575,5.571548343869271,90,140,2
140,11.73941,106.71602999999999,4.3596612049878996,140,140,2
140,11.73545,106.72905499999999,3.9558060514139717,140,140,2
140,11.80269,106.79353499999999,4.584189825854448,140,140,2
140,11.919934999999999,106.7131,5.4894905487912435,140,140,2
140,17.213165,106.789375,5.666661160007356,140,50,2
140,17.212564999999998,106.789245,5.666661806947762,80,140,2
140,20.76883,106.707485,1.0408628428101154,140,100,2
140,21.03182,106.787605,1.0390400166920497,120,140,2
140,21.025095,106.71447,7.07263582628611,140,140,2
140,21.833935,106.738805,6.371073449475935,140,80,2
140,21.853945,106.791515,7.5939410463632235,140,0,2
140,21.9307,106.71312,6.073640098783302,140,140,2
140,10.78665,106.880345,1.0935307406198724,0,140,2
140,10.90348,106.849955,5.530037036112888,0,140,2
140,10.903974999999999,106.84555499999999,3.4630996438777144,140,0,2
140,10.90004,106.83478,4.906659748762492,140,0,2
140,11.43366,106.861355,2.479389936849321,140,0,2
140,11.410245,106.847815,5.568399233080435,140,0,2
140,11.74943,106.809555,4.584240067970077,140,140,2
140,11.794425,106.80260000000001,4.498695255320171,140,140,2
140,11.882484999999999,106.82756499999999,3.4524328430782916,140,140,2
140,16.68197,106.870315,6.9465759810645125,140,140,2
140,16.65612,106.80382,4.812002173176328,140,140,2
140,16.6842,106.88048,4.811447208762775,140,140,2
140,16.658655000000003,106.81876,6.494980440408424,140,140,2
140,17.05446,106.867835,6.938520137489025,140,140,2
140,17.0514,106.86967999999999,6.3855962930074535,140,140,2
140,17.18392,106.89704,6.158264326914266,140,0,2
140,17.183875,106.89692,5.408302457456117,140,0,2
140,17.21718,106.84978000000001,6.157736329292746,140,140,2
140,17.212315,106.854725,4.618360275017336,50,140,2
140,17.21208,106.85505,6.157817352091338,140,80,2
140,20.93039,106.85797500000001,5.655406990136984,140,140,2
140,20.996095,106.89123000000001,5.332435462658509,120,140,2
140,10.755025,106.97967,3.9921386689548113,0,140,2
140,10.769315,106.9827,4.513797660117592,120,140,2
140,10.76587,106.95306,2.1872124557185924,140,0,2
140,10.734325,106.98288500000001,4.681767701875651,140,0,2
140,10.895605,106.90322499999999,6.460248245494711,0,140,2
140,10.893830000000001,106.904185,5.53010010178936,140,0,2
140,10.864615,106.923125,3.5139885609865185,140,0,2
140,10.857769999999999,106.92694,4.960685000887511,140,0,2
140,10.896805,106.9025,3.991571805391372,0,140,2
140,10.894465,106.90391,3.9915812189918753,0,140,2
140,10.899065,106.90258499999999,5.577812269075021,140,0,2
140,11.803795000000001,106.9416,4.49855098356781,140,120,2
140,16.955825,106.949085,6.417532546322355,140,50,2
140,16.956564999999998,106.94862,3.960829031186975,140,140,2
140,16.949135,106.95329000000001,5.959526281838309,140,140,2
140,17.01561,106.91409999999999,4.8048300920323594,140,140,2
140,17.178134999999997,106.90251,5.408405563933225,140,0,2
140,20.968615,106.93460999999999,2.3582387581803324,140,120,2
140,20.959674999999997,106.988115,1.523109400395608,90,140,2
140,20.978,106.967225,2.4570796292338213,140,120,2
140,10.452315,107.0985,4.518194066654639,0,140,2
140,10.452465,107.09852000000001,4.518192153627027,0,140,2
140,10.476855,107.09164,5.565999999987028,0,140,2
140,10.475625,107.0917,5.565999999987028,0,140,2
140,10.696950000000001,107.023255,5.531374987116415,140,0,2
140,10.697410000000001,107.022875,5.5313720354871405,140,0,2
140,10.671675,107.0308,3.992468580551936,140,120,2
140,10.60612,107.07881,2.1883635023432193,50,140,2
140,10.71499,107.01434499999999,5.904768743721194,140,140,2
140,10.843399999999999,107.09594999999999,4.907399346801217,140,0,2
140,10.94023,107.086725,5.464841835523049,0,140,2
140,10.94013,107.08704,4.371874943033669,140,0,2
140,16.849075,107.07919,5.566000000184772,140,0,2
140,16.848945,107.07928,5.566000000184772,0,140,2
140,16.89748,107.07999,4.452800000226915,140,0,2
140,16.885755,107.08125,3.3396000002690585,0,140,2
140,16.895885,107.080305,5.667000690196374,0,140,2
140,16.89588,107.080225,6.7635976804379965,140,0,2
140,16.84555,107.09185,4.80824068111577,140,140,2
140,16.845975,107.097535,6.418459295236957,140,140,2
140,16.884165,107.08138,5.566000000184772,0,140,2
140,16.885755,107.081165,3.5053659845281815,140,0,2
140,16.92474,107.096735,5.324925248256922,140,140,2
140,21.55814,107.08708,6.080940834886283,140,140,2
140,10.485025,107.19429,3.993198273562815,60,140,2
140,10.535435,107.19082,5.5061321885350845,140,0,2
140,10.538505,107.18700999999999,5.5060974994649605,0,140,2
140,10.536835,107.189105,4.68325711049416,140,0,2
140,10.65522,107.16466,6.931335369794519,50,140,2
140,10.83865,107.155235,5.46670604159486,140,0,2
140,10.839335,107.14321000000001,4.512809244648892,140,0,2
140,10.853855,107.11514,5.502481379114246,140,0,2
140,10.85263,107.117125,3.964139935218756,140,0,2
140,10.96657,107.14237,4.960332417577207,140,140,2
140,10.938500000000001,107.165115,4.584977840386483,140,120,2
140,10.9129,107.16277,4.960506698029178,140,120,2
140,10.94238,107.16424,4.3718417539804255,140,0,2
140,10.932065,107.16535,3.3395999998735704,140,120,2
140,10.9403,107.12702999999999,4.9061312930316925,140,0,2
140,10.94245,107.18797,4.371840721323965,140,0,2
140,11.072515,107.166695,5.672200955232209,140,140,2
140,11.017015,107.1345,5.500569813412145,140,140,2
140,11.016964999999999,107.136665,3.4619139449866667,140,140,2
140,16.78105,107.154525,5.48185094079158,140,0,2
140,16.757705,107.18594999999999,4.406627127665087,140,140,2
140,16.78224,107.15369,3.0822833368221314,140,0,2
140,16.894585,107.166585,6.2862411316416615,50,140,2
140,17.0265,107.11141,4.9355126106259375,140,50,2
140,17.028045,107.11092,5.959206178557756,50,140,2
140,20.96626,107.166985,1.0394964735028311,60,140,2
140,10.38478,107.244065,5.474825519666644,0,140,2
140,10.471515,107.23871,2.4560816741689218,140,0,2
140,10.484635,107.22214,6.661356255477405,140,140,2
140,10.57537,107.22142500000001,3.282874670448961,140,80,2
140,10.57538,107.22184,4.377166086707381,50,140,2
140,10.65382,107.224985,5.4700539788254146,50,140,2
140,10.680175,107.24308500000001,5.5817129483511705,140,140,2
140,10.87188,107.22709,6.240952765408336,80,140,2
140,10.87117,107.22782000000001,6.240960057383435,140,60,2
140,10.94164,107.227655,5.464815838182442,0,140,2
140,11.03836,107.290445,5.463024632251382,140,140,2
140,11.045555,107.27017000000001,5.500232587072543,140,140,2
140,16.69149,107.24151,4.811302985995463,140,0,2
140,16.677095,107.258925,4.624645135197228,0,140,2
140,16.675755000000002,107.26013,3.962527041190537,0,140,2
140,16.671014999999997,107.26470499999999,4.624715475385208,0,140,2
140,16.668505,107.268025,6.291614290573802,140,0,2
140,16.669415,107.26687000000001,5.417462848099401,140,0,2
140,16.68627,107.249135,3.897472229169741,90,140,2
140,16.692445,107.23989,5.417058335859046,140,0,2
140,16.731180000000002,107.20297,2.2264000003112017,140,90,2
140,16.767895000000003,107.221925,5.4443631853173144,140,140,2
140,21.377634999999998,107.29759999999999,6.318494090275017,140,140,2
140,21.418129999999998,107.22995499999999,5.639679243221071,140,140,2
140,10.533135,107.39285000000001,4.517085497486994,140,140,2
140,10.56903,107.38258,2.2263999999157136,80,140,2
140,10.63805,107.37438,4.9613870147130825,140,0,2
140,10.65306,107.380415,4.585225542550629,140,0,2
140,10.638075,107.37430499999999,6.461672172023032,140,0,2
140,10.90491,107.326425,5.465491978290211,140,140,2
140,10.911249999999999,107.39417,3.120274004107521,50,140,2
140,10.910440000000001,107.39242999999999,4.906523488369913,140,50,2
140,11.168935000000001,107.307665,3.5136371699204476,140,140,2
140,11.218705,107.37266,3.9902582884599225,140,80,2
140,11.218485000000001,107.37246999999999,3.9902591980316835,50,140,2
140,16.556395000000002,107.39904999999999,5.4194403959757755,0,140,2
140,16.561,107.39017999999999,4.8138750803618615,140,0,2
140,16.574105000000003,107.37449000000001,5.419131353083399,0,140,2
140,16.58546,107.358575,5.334426809476145,140,0,2
140,16.628505,107.30732,3.962810250103829,0,140,2
140,16.62887,107.307105,5.4833380716788795,140,0,2
140,21.33069,107.38968,6.608011080242355,50,140,2
140,21.342495,107.37104500000001,6.166832343483374,140,140,2
140,21.35727,107.34298000000001,6.606949268149523,140,140,2
140,21.35499,107.34672499999999,5.183850494924157,140,140,2
140,21.331375,107.38792000000001,6.320427490006986,140,80,2
140,21.33297,107.372965,6.759210555759538,140,80,2
140,21.327556666666666,107.39452333333332,6.17931147080542,140,140,3
140,21.334375,107.37312,5.565999999789284,50,140,2
140,21.336985,107.37723500000001,5.302652470850108,140,140,2
140,21.36737,107.31287,6.606544670482604,140,140,2
140,10.61619,107.44091,4.961456104676435,140,140,2
140,10.88006,107.43780000000001,4.9069209069220365,80,140,2
140,10.87254,107.45679999999999,4.907019177585456,140,140,2
140,10.879855,107.43832,4.512234148191518,140,50,2
140,10.935490000000001,107.405135,4.584980485388418,140,140,2
140,11.52554,107.47122,4.9584673234225844,140,140,2
140,11.532879999999999,107.436795,4.584441978175293,140,140,2
140,16.528305,107.47348500000001,4.626359676120356,140,0,2
140,16.552104999999997,107.44057000000001,4.411058046399153,0,140,2
140,16.552115,107.440775,5.450245704740108,140,0,2
140,16.54988,107.43368000000001,4.268329919094559,140,0,2
140,16.538465000000002,107.46309500000001,4.626243053019651,0,140,2
140,21.18086,107.454595,2.4564802376994956,120,140,2
140,21.31008,107.47979000000001,2.0741750347618355,120,140,2
140,21.30749,107.472755,3.111317412074798,140,120,2
140,10.86661,107.57051,6.5594335554659455,140,120,2
140,16.39543,107.580545,5.339666910236367,140,140,2
140,16.39542,107.58306999999999,4.2717337484646825,70,140,2
140,16.40953,107.558685,4.579054985606657,140,80,2
140,16.411035,107.557895,4.627701303130083,140,80,2
140,16.41592,107.54749000000001,4.816712980725151,140,140,2
140,16.42142,107.543915,3.9010833881738862,140,140,2
140,16.42511,107.536835,3.901033453411148,140,140,2
140,16.408205000000002,107.559175,3.5061746041445674,50,140,2
140,16.49466,107.53135,4.815175921537677,140,0,2
140,16.49475,107.53139999999999,4.81517376935314,140,0,2
140,16.575815,107.58631,5.96102265653692,140,140,2
140,16.571649999999998,107.58681,4.937718070679157,140,140,2
140,10.60487,107.60437999999999,4.910473908198117,140,140,2
140,11.98329,107.65981500000001,5.522641205726272,140,140,2
140,16.429295000000003,107.640625,5.453561450628219,140,60,2
140,16.42654,107.65109000000001,4.271050454677757,140,60,2
140,16.426560000000002,107.651325,5.784442335105017,140,60,2
140,16.429265,107.640985,5.453561988572069,140,60,2
140,16.401705,107.68648999999999,5.422127082232236,60,140,2
140,16.402175,107.68579,5.422118956679039,140,60,2
140,21.472434999999997,107.69918,2.3519940100018264,100,140,2
140,21.422795,107.651365,4.562673821721161,50,140,2
140,21.42444,107.652535,5.430678932195257,140,140,2
140,10.819035,107.710125,5.579247480396338,140,50,2
140,10.819325,107.71435,4.513092394436777,0,140,2
140,10.81895,107.709615,5.467065587219536,50,140,2
140,16.366185,107.72939500000001,4.628211932186862,140,0,2
140,16.3041,107.71748,6.171888331884277,140,0,2
140,16.3125,107.785325,3.9025525296891614,140,0,2
140,16.313325,107.78421499999999,6.299917153903272,140,0,2
140,16.385695,107.70741000000001,5.422403738653225,0,140,2
140,16.306485000000002,107.79466,5.423768250368533,140,0,2
140,16.306915,107.79383,5.423761374227469,140,0,2
140,16.307575,107.79302000000001,5.423749508830762,140,0,2
140,16.326735,107.76104000000001,2.409222677790756,140,0,2
140,16.332245,107.74877000000001,3.964569290577318,140,0,2
140,16.33342,107.747855,5.4861905954625705,140,0,2
140,16.333644999999997,107.74758,3.9645612231205614,140,0,2
140,16.33811,107.74421000000001,4.938829335472453,140,0,2
140,11.234415,107.86478500000001,5.571685061248941,140,140,2
140,11.230640000000001,107.87961,6.237209171221804,140,140,2
140,11.231385,107.874405,5.571741058314346,140,140,2
140,15.74242,107.8315,6.42867081282157,140,140,2
140,15.735975,107.82173499999999,6.313051486278002,140,120,2
140,15.765,107.82994,4.941496387823786,140,0,2
140,15.764925000000002,107.83,5.964169542889084,0,140,2
140,16.26909,107.894105,5.343118250596761,140,60,2
140,16.286465,107.855535,4.629116022628105,140,0,2
140,10.85046,107.93529000000001,4.960708706092286,140,140,2
140,10.93589,107.974635,3.9633812735949605,0,140,2
140,10.905470000000001,107.962955,3.9636589992835027,0,140,2
140,11.54585,107.9245,4.897956999226724,140,140,2
140,12.60668,107.91495499999999,5.870385548818447,140,140,2
140,13.873275,107.94731,5.9709489633873725,140,140,2
140,13.876545,107.94606999999999,5.970937932636292,140,140,2
140,14.076695,107.90312,5.970258207966882,140,140,2
140,14.068035,107.92277999999999,6.573815163813161,140,140,2
140,14.531675,107.920445,5.669351948611696,140,0,2
140,14.531614999999999,107.920525,3.509148598731394,140,0,2
140,16.12518,107.94997000000001,4.822327567114705,0,140,2
140,16.11653,107.96071,4.822493141625531,0,140,2
140,16.11609,107.96113500000001,5.792243305865357,140,0,2
140,16.2716,107.98472000000001,4.274439948212685,140,0,2
140,16.27293,107.925085,5.34301373273026,60,140,2
140,16.27177,107.98193,4.274436246388834,140,0,2
140,16.271675000000002,107.98483,6.507577404974551,140,0,2
140,16.27172,107.9799,4.274437336683047,140,0,2
140,16.27168,107.981875,5.343047758107921,140,0,2
140,16.287190000000002,107.90773,4.939069779262727,140,140,2
140,16.27163,107.986145,5.343049119070131,140,0,2
140,16.348195,107.91873,5.566000000184772,140,140,2
140,21.508815,107.99757,5.321183725067655,140,50,2
140,21.51112,107.956335,3.106984902666533,100,140,2
140,21.51455,107.944425,3.8222713020221644,140,100,2
140,10.9266,108.03844000000001,4.372074377705542,140,0,2
140,10.924785,108.05456000000001,6.651959787244305,140,0,2
140,13.48545,108.09974,6.211007440061076,140,140,2
140,13.92579,108.006215,4.582015655042988,140,0,2
140,14.060220000000001,108.071335,5.840268048927657,140,140,2
140,14.05796,108.06675,6.851013408081808,140,140,2
140,14.038644999999999,108.01706999999999,5.460187098778196,140,140,2
140,16.09422,108.08915,4.452799999831427,0,140,2
140,16.104445,108.0926,4.420523303235409,140,140,2
140,16.100305,108.09357499999999,5.462324465596283,80,140,2
140,16.26319,108.044615,4.579241502306655,140,0,2
140,16.269835,108.02731,4.417055648450037,50,140,2
140,16.258665,108.06150500000001,4.6294304506311095,140,0,2
140,16.258164999999998,108.06204500000001,6.301192069006087,140,0,2
140,16.21892,108.091405,4.5792976979468865,140,50,2
140,16.27009,108.02277000000001,4.274472827467114,0,140,2
140,16.27029,108.018475,5.343085591341586,140,0,2
140,16.27005,108.021705,5.34309212338012,140,0,2
140,21.476390000000002,108.005585,5.430045595525302,140,50,2
140,21.476914999999998,108.005935,6.374814064200939,50,140,2
140,21.479605,108.012715,5.661573648183931,140,140,2
140,11.04119,108.16517,4.452800000029171,140,0,2
140,11.113125,108.152075,4.678836321297104,120,140,2
140,11.120995,108.15858,3.990660756197603,140,120,2
140,12.729894999999999,108.10851500000001,5.542136478313823,140,0,2
140,12.799175,108.1888,5.974440710794777,80,140,2
140,12.76568,108.18363,3.109934693942449,140,140,2
140,12.768915,108.18588,5.974535266267092,80,140,2
140,12.766955,108.18504999999999,5.478328633388651,140,140,2
140,15.884105,108.130405,5.467989287398605,140,0,2
140,15.957934999999999,108.179635,5.667971559334645,140,50,2
140,15.919255,108.17605,5.565999999987028,140,0,2
140,15.934495,108.195605,5.466675561682073,140,140,2
140,15.964974999999999,108.135705,5.465878954512002,140,0,2
140,15.900749999999999,108.117625,5.490283518200733,140,80,2
140,15.900465,108.117435,6.42620969368819,50,140,2
140,15.964755,108.13567,4.423425182486629,0,140,2
140,16.127924999999998,108.115485,5.461595386246128,140,60,2
140,16.141955000000003,108.10680500000001,4.630745030614711,0,140,2
140,16.14049,108.10968500000001,5.791634943826323,140,0,2
140,16.16177,108.107305,4.579369924561098,140,0,2
140,16.16268,108.10718,4.452800000226915,0,140,2
140,16.130020000000002,108.10254499999999,5.791896384084648,80,140,2
140,11.158764999999999,108.25632,3.9905056580528013,140,0,2
140,11.15874,108.2564,3.118984483145081,140,0,2
140,11.18393,108.275915,3.961086880089934,140,0,2
140,11.15623,108.24795,4.368656554391635,140,0,2
140,11.15615,108.24778,6.552986636782399,140,0,2
140,11.117709999999999,108.207825,2.4799183794675197,140,0,2
140,11.131105,108.21569,3.990619379324562,140,0,2
140,11.118095,108.20794000000001,3.990672775338205,140,0,2
140,12.862269999999999,108.21992499999999,5.5161288644000726,80,140,2
140,12.863745000000002,108.220925,6.448292856052406,80,140,2
140,12.865265,108.2559,5.565999999987028,80,140,2
140,12.861464999999999,108.22020499999999,5.539363446920465,140,80,2
140,12.860109999999999,108.218485,5.516145406104483,140,80,2
140,12.954460000000001,108.218275,4.583051934201654,40,140,2
140,12.985009999999999,108.23109,4.452800000029171,140,140,2
140,12.983935,108.23059,4.479481008881268,140,140,2
140,12.936025,108.22008,5.565999999987028,80,140,2
140,12.955735,108.219765,5.537359366455341,140,80,2
140,12.955025,108.21668,4.479969608059061,80,140,2
140,12.954205,108.218305,5.670740300815987,140,80,2
140,12.934194999999999,108.220015,5.670756961754286,80,140,2
140,12.929079999999999,108.21943,6.679199999944885,140,80,2
140,14.028465,108.251605,5.669810771137523,140,140,2
140,15.667105,108.21223,5.565999999987028,140,140,2
140,15.81246,108.20894999999999,4.828259115786963,140,0,2
140,15.816665,108.20201,5.432071309875992,140,0,2
140,15.974245,108.20843,5.565999999987028,0,140,2
140,15.974245,108.20852,5.565999999987028,140,130,2
140,15.936319999999998,108.22585000000001,4.9407082497112516,0,140,2
140,15.93591,108.22594000000001,4.940709960207631,0,140,2
140,15.90442,108.24152000000001,4.940855589336229,0,140,2
140,10.96032,108.31463500000001,5.900618904832331,80,140,2
140,10.960465,108.31513000000001,4.511084195491096,140,50,2
140,11.207105,108.357955,6.4002360335415585,140,140,2
140,15.737245,108.363215,4.635235464694717,140,0,2
140,15.75223,108.351505,5.491664621134737,140,0,2
140,15.737425,108.395355,6.313018395025365,140,60,2
140,15.7338,108.38913,4.829733693631391,60,140,2
140,15.81304,108.394875,4.579805997024689,0,140,2
140,15.815259999999999,108.394185,4.579803247709002,0,140,2
140,15.808824999999999,108.39633,5.964002639125333,140,0,2
140,15.810275,108.39588499999999,5.6681198316916035,140,0,2
140,11.21687,108.42563999999999,4.367742271549771,140,0,2
140,11.21425,108.4015,3.118691433895278,140,0,2
140,11.214305,108.401445,4.6780369117621845,140,0,2
140,11.21603,108.40445,4.3677549698365965,140,0,2
140,11.215955000000001,108.40446,4.5073836062508725,140,0,2
140,13.387265,108.446905,5.6703738877021985,140,140,2
140,13.985790000000001,108.46040500000001,4.581949366302916,140,140,2
140,15.54808,108.474695,5.362317015361529,140,40,2
140,15.54789,108.47338500000001,5.362321962822741,140,140,2
140,15.63652,108.43228500000001,5.492732979002674,140,0,2
140,15.671624999999999,108.4109,3.968387565548422,140,120,2
140,15.6783,108.40697499999999,5.492347825884294,140,120,2
140,15.78853,108.41695,4.828708835130603,140,140,2
140,15.78815,108.416685,4.579836843038491,140,140,2
140,15.797630000000002,108.41292,4.452800000029171,140,140,2
140,15.7974,108.41333,4.828541979174962,140,140,2
140,15.7897,108.419325,5.800289387483991,140,140,2
140,15.798960000000001,108.416575,5.800062809563421,140,140,2
140,11.186530000000001,108.56651500000001,5.896710399654619,140,0,2
140,13.352885,108.515605,5.670403388995734,140,50,2
140,13.793955,108.54178,5.971215781890454,140,140,2
140,13.97329,108.565315,5.842159463541815,140,140,2
140,15.46471,108.58211,4.942859080819206,140,140,2
140,15.485589999999998,108.579965,5.4941147289334635,140,0,2
140,15.473725,108.59260499999999,4.638101506433317,0,140,2
140,15.511605,108.564525,4.637692265021637,0,140,2
140,15.533114999999999,108.53958,5.436767698545056,140,0,2
140,14.129090000000001,108.60881499999999,4.581789939618701,140,140,2
140,14.157530000000001,108.600075,4.581758130176746,140,140,2
140,15.461495,108.60446999999999,5.437941821275388,0,140,2
140,15.44605,108.62009499999999,5.808589071917594,140,0,2
140,15.413335,108.67898,3.969840763774588,0,140,2
140,15.453295,108.612515,4.638321836708784,0,140,2
140,11.297155,108.74312499999999,3.513486397990157,130,140,2
140,11.295325,108.742635,3.513488561874464,140,130,2
140,11.37389,108.738855,4.584587916639934,140,0,2
140,11.375015000000001,108.73918499999999,3.5133939880188723,140,0,2
140,11.39341,108.75148999999999,3.11773601554956,90,140,2
140,11.311810000000001,108.723975,4.584644392844644,120,140,2
140,11.302109999999999,108.72015999999999,4.959223325258329,140,0,2
140,11.305019999999999,108.744805,4.58465058839596,140,60,2
140,11.305499999999999,108.74502,4.959212093115086,60,140,2
140,11.409635,108.76897500000001,4.676473113059718,140,0,2
140,11.414975,108.7749,5.495790953699987,140,0,2
140,12.19747,108.73444,4.956108530239361,50,140,2
140,15.122724999999999,108.75107,5.565999999987028,140,0,2
140,15.110595,108.75656000000001,9.22350840702572,0,140,2
140,15.12106,108.751175,4.580645885795628,140,0,2
140,15.10653,108.76019500000001,5.497531067016619,140,0,2
140,15.107610000000001,108.75929500000001,5.497521445078766,140,0,2
140,15.25499,108.78014999999999,4.943796370279563,140,0,2
140,15.287379999999999,108.76596,4.943652349690692,0,140,2
140,15.244905,108.748925,5.668676241361478,140,0,2
140,15.285625,108.74915,3.9705511365845507,0,140,2
140,15.33653,108.73780500000001,5.495467528313428,0,140,2
140,15.319130000000001,108.74815000000001,4.943511081362432,0,140,2
140,11.4725,108.82392999999999,4.958647964107083,0,140,2
140,11.471805,108.82363000000001,3.9891996138485517,140,120,2
140,11.473423333333335,108.89990999999999,5.5667833926798425,140,80,3
140,11.46361,108.81882,4.9586781870527235,120,140,2
140,11.47306,108.89889500000001,5.454782066397121,50,140,2
140,11.459855000000001,108.816485,4.676066901143196,140,0,2
140,11.468715,108.87370999999999,6.639821058721717,140,140,2
140,11.450610000000001,108.89406,4.452800000029171,140,0,2
140,13.93261,108.86957000000001,4.9494353834571925,80,140,2
140,15.04388,108.83714,6.450285958668995,140,140,2
140,15.13442,108.84522000000001,4.840738014717566,140,140,2
140,11.635909999999999,108.90319,3.1164195238307695,0,140,2
140,11.645154999999999,108.9126,5.492951643317244,0,140,2
140,11.6329,108.900585,5.525114418429039,140,0,2
140,11.634045,108.90160499999999,4.674644585428964,140,0,2
140,11.642175,108.909435,4.674577696627347,140,0,2
140,12.266875,108.99553499999999,3.4479968088433166,140,140,2
140,12.2719,108.98057499999999,5.438816538510154,140,60,2
140,12.27193,108.98151,6.526579101636205,60,140,2
140,13.9158,108.90044,4.8618416108315925,140,140,2
140,11.74804,109.07097999999999,3.115801743745409,140,0,2
140,11.740905000000001,109.06566000000001,5.977622023659301,130,140,2
140,12.179314999999999,109.061275,3.449019376104239,80,140,2
140,12.196535,109.070335,5.671354369027513,140,0,2
140,13.048075,109.09493499999999,4.66233598956271,50,140,2
140,13.048369999999998,109.09468000000001,6.216444435754805,140,80,2
140,13.85512,109.056455,5.404053640194053,140,140,2
140,11.844465,109.109735,5.671627853446807,0,140,2
140,11.846820000000001,109.10865,4.957355326683292,140,0,2
140,11.847560000000001,109.10829,4.957352731862152,140,0,2
140,12.029885,109.10576499999999,3.4507481043555104,120,140,2
140,12.11057,109.12955,4.889945824187315,140,0,2
140,12.11282,109.12527,4.889913160017349,140,0,2
140,12.171505,109.18542500000001,3.4491103629249427,140,90,2
140,12.347275,109.19737,3.3395999998735704,140,0,2
140,12.399585,109.17258000000001,4.489146232357355,140,0,2
140,12.36289,109.19511,6.679200000142629,140,0,2
140,12.303239999999999,109.18877,4.452800000029171,140,0,2
140,12.396435,109.17756,5.483302247779947,140,0,2
140,12.36541,109.19509,4.452800000029171,140,0,2
140,12.398625,109.17414,5.483273662362136,140,0,2
140,12.512080000000001,109.15422,4.452800000029171,140,0,2
140,13.033985000000001,109.10998000000001,5.474657031584026,140,140,2
140,13.03777,109.10594,4.338013775151244,140,140,2
140,13.713335,109.16524,3.978845539859994,140,140,2
140,13.85192,109.102465,5.40412807517854,140,140,2
140,13.82857,109.18083999999999,4.863286582133783,140,0,2
140,13.820879999999999,109.19402,4.949890082343215,0,140,2
140,13.887319999999999,109.19941,4.949619945599697,140,140,2
140,13.858255,109.140995,3.428162389644842,90,140,2
140,13.858955,109.13998000000001,5.462851148502376,130,140,2
140,13.862055,109.136135,4.654639419274468,0,140,2
140,13.964970000000001,109.16448500000001,5.842339416899346,140,140,2
140,13.967975,109.17488,4.462220994246756,140,140,2
140,11.979965,109.21137999999999,4.495817495013504,120,140,2
140,12.4651,109.28822500000001,5.519126169191225,140,140,2
140,12.461239999999998,109.28757333333333,5.888092657851407,140,140,3
140,12.654800000000002,109.20128,4.954430544958936,140,0,2
140,12.659025,109.20378500000001,6.449624407976757,140,0,2
140,13.060775,109.28902500000001,4.662219040676184,140,140,2
140,13.19717,109.27257,4.952365287526412,140,0,2
140,13.226849999999999,109.26241,4.952249920676021,140,0,2
140,13.22298,109.26389,4.952264977244077,140,0,2
140,13.207025000000002,109.26937000000001,5.973145961534983,140,0,2
140,13.396149999999999,109.21275,4.452800000029171,0,140,2
140,13.394300000000001,109.21365,4.870349276589481,140,0,2
140,13.462655000000002,109.20203000000001,5.972314822471228,140,140,2
140,13.46288,109.22341499999999,5.413051650656915,140,140,2
140,13.56709,109.24573000000001,4.950910055029825,140,0,2
140,13.75497,109.20885,3.1037846867914363,140,0,2
140,13.78803,109.21997,2.2264000001134576,140,0,2
140,13.807345,109.20680999999999,4.4651226009020215,140,0,2
140,13.807755,109.20616000000001,4.465115236425545,80,140,2
140,13.90852,109.206635,4.5820346418654045,140,140,2
140,13.911729999999999,109.207815,4.582031106504198,140,140,2
140,14.110745000000001,109.20226,5.565999999987028,140,0,2
140,14.10919,109.20241,4.452799999831427,0,140,2
140,14.10919,109.2023,4.452799999831427,140,0,2
140,14.108045,109.20244,5.565999999987028,0,140,2
140,14.110745000000001,109.20236,5.565999999987028,90,140,2
140,14.111865000000002,109.20224,5.565999999987028,140,0,2
140,12.982475,109.38907499999999,4.6629366461474,0,140,2
140,13.03979,109.32575,4.952973113169083,140,140,2
140,13.012545,109.35170500000001,6.368878038838341,140,0,2
135,20.98677,105.408105,2.457053759239351,135,135,2
135,21.10065,105.964525,2.456717848325845,135,60,2
135,20.636,106.145045,4.573043148897959,135,135,2
130,21.33146,103.898545,2.4560322437753235,130,130,2
130,21.256065,103.99408500000001,5.305443601617821,130,130,2
130,21.25645,103.99644,4.9125115368688,130,0,2
130,21.361024999999998,103.91008,5.565999999789284,130,130,2
130,21.33,103.93799,6.221680823535904,130,130,2
130,22.03798,103.91628,4.907790308361713,130,130,2
130,21.198355,104.08686,4.298156095585235,130,130,2
130,21.13299,104.177775,7.601677140839431,130,130,2
130,21.0517,104.28791,8.604248318698048,130,130,2
130,21.53362,104.97706500000001,3.8219398210010316,130,130,2
130,22.694155,104.96926500000001,10.071301320362776,130,130,2
130,20.71246,105.04529,3.048552050497432,130,130,2
130,21.735155,105.07338,4.283412026549314,130,130,2
130,21.74816,105.051175,3.1018921237405714,130,130,2
130,9.959185,105.15895,2.459229379821437,130,130,2
130,9.961929999999999,105.16271,3.1249592806224373,130,90,2
130,10.286565,105.27225,2.4572358821907456,130,0,2
130,10.286495,105.2723,2.457236253351216,130,90,2
130,18.818224999999998,105.246235,3.501885660265246,130,130,2
130,20.29816,105.29526,6.648295811354953,80,130,2
130,21.32369,105.28989,3.0427390550682776,50,130,2
130,21.81042,105.21012,4.9091795536908345,130,130,2
130,10.34586,105.361175,2.4811496495107934,130,0,2
130,20.087905,105.37365,3.3395999998735704,130,80,2
130,20.78178,105.33567,2.0815471930978484,130,0,3
130,20.74194,105.325515,2.4577709440440674,130,130,2
130,20.85385,105.351265,4.572701784648275,130,130,2
130,21.322215,105.33081,8.348280568604837,130,130,2
130,21.36696,105.399675,3.110056167426702,100,130,2
130,21.351515,105.34499500000001,3.3035895359075993,100,130,2
130,19.27806,105.48047,3.0616028807507343,130,80,2
130,23.159775,105.41427999999999,3.9170201497083124,130,130,2
130,18.87038,105.57631,4.452799999831427,120,130,2
130,20.29344,105.52145,4.452799999831427,130,80,2
130,20.265855000000002,105.51978,22.292075070313352,130,130,2
130,20.40509,105.56612999999999,4.730121560210496,130,80,2
130,20.406100000000002,105.57914,4.730097892002228,130,130,2
130,20.66055,105.55125000000001,6.249641866282035,90,130,2
130,20.88375,105.55653000000001,4.160276034978654,130,90,2
130,20.906365,105.59494000000001,4.306030283032272,90,130,2
130,21.093985,105.577515,5.311004605051217,130,130,2
130,22.16253,105.59314,4.907024915038834,130,130,2
130,10.105465,105.67172,6.669144829216115,130,130,2
130,18.28679,105.62332,4.452799999831427,130,130,2
130,18.64146,105.69677999999999,2.109597174427771,130,130,2
130,18.746065,105.657715,3.5020214542923873,130,0,2
130,18.910695,105.60599500000001,5.664751243493444,130,0,2
130,18.91106,105.60601,7.003420507382249,130,0,2
130,19.16947,105.651145,5.456905867394457,130,90,2
130,19.77281,105.68986000000001,4.745019572916793,130,0,2
130,19.771625,105.685935,5.354862434022319,0,130,2
130,20.597045,105.67426,5.341024731415516,80,130,2
130,21.01089,105.62170499999999,3.8309295789682922,90,130,2
130,21.06221,105.64287,3.04524411500274,130,130,2
130,21.06434,105.637985,3.8300198509241983,130,130,2
130,21.086225,105.66299000000001,4.301192044752754,0,130,2
130,10.086459999999999,105.733405,3.9708568135744193,130,130,2
130,18.390304999999998,105.77055,12.72496475047638,130,130,2
130,18.396375,105.752245,10.076315822087235,130,130,2
130,18.402835000000003,105.72256,2.387896766720901,130,130,2
130,18.466715,105.76522,3.9512593012544213,120,130,2
130,18.466775,105.76529,3.951258905756774,130,130,2
130,18.503855,105.729675,4.6024455018791475,130,90,2
130,19.756285,105.778175,5.663742612779061,130,0,2
130,19.78806,105.72352000000001,4.744665386932103,130,0,2
130,19.78436,105.71530000000001,4.744751343838131,90,130,2
130,20.72215,105.77138500000001,5.439118435527716,130,0,2
130,20.920645,105.783935,3.4977334896789225,60,130,2
130,21.11684,105.784245,4.572285832742323,130,130,2
130,21.119865,105.78309,5.940846934112964,130,130,2
130,21.116825,105.784115,5.662042632099264,130,130,2
130,21.89957,105.798775,3.8155271731283675,130,100,2
130,9.377714999999998,105.71243,5.565999999987028,120,130,2
130,9.377669999999998,105.7125,4.452800000029171,130,0,2
130,9.91993,105.72890000000001,4.918928135046564,130,60,2
130,9.919920000000001,105.728725,5.9175835727813375,130,60,2
130,10.3183,105.890555,6.768394883875729,130,120,2
130,10.329830000000001,105.88980000000001,6.246385254657187,60,130,2
130,18.38283,105.80982499999999,3.87305734591888,130,130,2
130,18.38771,105.83095,4.776122026119759,130,130,2
130,18.382914999999997,105.80593999999999,2.388112841874284,130,130,2
130,18.38425,105.803495,13.40304483008985,130,130,2
130,18.490295,105.86364499999999,7.671029229800491,130,130,2
130,18.484285,105.84884,7.161033556623384,130,130,2
130,19.91375,105.87233,6.111844449825636,130,130,2
130,20.14637,105.837905,5.445855206487057,0,130,2
130,20.237276666666663,105.81261666666667,10.54290372498892,130,130,3
130,20.345805,105.85661999999999,8.423868969323465,130,130,2
130,20.753225,105.81837,5.566000000184772,130,0,2
130,20.752139999999997,105.81842,6.679200000142629,130,0,2
130,20.81834,105.88364,4.452799999831427,130,130,2
130,20.868135000000002,105.84761,4.307053562561967,50,130,2
130,20.86284,105.867315,4.572687699591672,130,50,2
130,9.79309,105.8344,4.963958036876893,130,120,2
130,10.182500000000001,105.93499,4.9627985449141985,130,0,2
130,10.27008,105.92052000000001,4.914675370390737,130,0,2
130,10.27001,105.92049499999999,5.912060821653863,130,0,2
130,10.286655,105.90120999999999,2.457235324058416,130,90,2
130,10.257155000000001,105.99945,5.981642073565562,130,0,2
130,10.259060000000002,105.927265,4.585557208272837,120,130,2
130,11.39432,105.95581999999999,4.9000429888347465,130,80,2
130,18.25787,105.98915,3.070371572249443,130,0,2
130,18.297275,105.937905,4.605061675821334,130,50,2
130,20.180835000000002,105.95477500000001,6.20049909103093,130,0,2
130,20.179164999999998,105.953025,6.200546245247332,130,130,2
130,20.64614,105.91797,2.2263999999157136,0,130,2
130,20.64302,105.994405,9.37554389676537,50,130,2
130,20.633605,105.920115,5.662657091036624,0,130,2
130,20.730315,105.91241,5.566000000184772,130,90,2
130,20.9182225,105.949905,5.796855261725703,0,130,4
130,20.960605,105.99673,3.9338870849014658,130,0,2
130,20.96239,105.99582000000001,4.914251151684858,130,0,2
130,21.08868,105.959105,2.4567531740145045,90,130,2
130,21.291455,105.95647,5.9400039818594585,130,130,2
130,9.661805000000001,105.92969,3.9962685687785755,130,0,2
130,9.661850000000001,105.92976999999999,4.964338814321394,130,0,2
130,9.63814,105.94883,3.12646241600691,130,130,2
130,9.63808,105.94877,3.1264626900554755,130,130,2
130,9.659089999999999,105.931615,2.4821734286055177,130,0,2
130,18.198124999999997,106.020175,6.253930855038659,130,0,2
130,18.218845,106.08289500000001,5.4028966862951044,50,130,2
130,18.23956,106.0168,3.0705250002804814,50,130,2
130,18.204005000000002,106.01141000000001,5.389370044564812,130,0,2
130,20.081085,106.042145,3.328263157896279,130,130,2
130,20.081575,106.04421500000001,3.499435046374952,130,130,2
130,20.080035000000002,106.04479,4.327752557816428,130,130,2
130,20.59753,106.032595,2.4581906037432493,130,130,2
130,20.59523,106.033385,2.458197267564001,130,130,2
130,20.65719,106.01912999999999,2.0832600174600846,130,130,2
130,20.643245,106.010035,3.3175205887099195,130,80,2
130,20.7953,106.04377,6.095546114644993,130,130,2
130,20.816755,106.01877999999999,5.33631437117053,130,130,2
130,20.846975,106.005765,6.381286391167147,130,130,2
130,20.917830000000002,106.03423000000001,6.995478527487419,130,130,2
130,20.961055,106.0542,1.1131999999578568,130,80,2
130,20.96126,106.054125,2.457128810795461,40,130,2
130,20.915084999999998,106.03207499999999,1.5233207124742387,130,80,2
130,21.08952,106.033205,1.0386371590248014,130,130,2
130,21.07828,106.018945,1.0387157186007117,130,130,2
130,21.0815,106.081135,2.456774451590993,130,130,2
130,21.28917,106.07197,4.708562490551424,130,130,2
130,21.329365000000003,106.09677500000001,3.3040316899383884,130,130,2
130,11.12087,106.13556,4.903739087317454,130,130,2
130,11.11211,106.15681000000001,2.1846593422953755,130,130,2
130,11.115225,106.147145,1.5596066514347646,130,130,2
130,11.192025000000001,106.15167,3.3396000000713144,90,130,2
130,11.188794999999999,106.15335,2.4514145583477123,130,90,2
130,11.292929999999998,106.19818000000001,6.2365472033610745,130,100,2
130,11.248225,106.12586999999999,4.506910388107218,130,0,2
130,11.32402,106.171525,5.527236506740408,0,130,2
130,11.321525000000001,106.172325,6.457821532121789,130,90,2
130,11.31183,106.17901,6.236345649629108,130,90,2
130,11.423955,106.17711,1.1131999999578568,130,130,2
130,11.43125,106.176245,2.479394020524412,130,130,2
130,18.194215,106.176225,3.3622622212262665,50,130,2
130,18.19428,106.176265,3.8758797956039146,50,130,2
130,18.20029,106.1618,4.7801673855833045,50,130,2
130,18.200195,106.161755,3.3621595103337896,50,130,2
130,18.213065,106.10448,4.373754700755311,0,130,2
130,20.587915000000002,106.187005,6.188896898825067,130,130,2
130,20.587114999999997,106.159265,5.328135023239359,130,130,2
130,21.050635,106.18077,3.9332242490184317,130,130,2
130,21.04088,106.19048000000001,3.0454470587281532,130,130,2
130,21.069850000000002,106.15993499999999,6.841326804671924,130,130,2
130,21.261585,106.19594000000001,5.326639288234188,130,0,2
130,11.084615,106.21599,4.509296534001488,130,0,2
130,11.08184,106.26385,9.808518136301238,130,0,2
130,11.06935,106.29429999999999,4.904425349895835,0,130,2
130,11.08179,106.23814999999999,4.369772212137745,130,0,2
130,11.21873,106.27193,6.237335336486196,130,90,2
130,11.269205,106.22201000000001,7.074644770272259,130,90,2
130,11.265450000000001,106.22579999999999,6.2368400998696405,130,60,2
130,11.288139999999999,106.2029,9.354898148033055,130,60,2
130,11.23994,106.25115500000001,5.5278043128442995,130,90,2
130,11.23712,106.25377,6.237140895262128,130,90,2
130,17.646704999999997,106.27452,2.395943723244278,130,130,2
130,17.64821,106.267405,3.1824247623543798,130,130,2
130,20.88993,106.29401,4.914676691865715,0,130,2
130,21.187314999999998,106.24845,8.377902577056474,80,130,2
130,21.18652,106.25703,4.151830150696332,80,130,2
130,21.18675,106.25402,6.227735534512914,130,80,2
130,21.286245,106.234985,5.304403664662782,130,50,2
130,21.289164999999997,106.25081,4.295686248708263,130,130,2
130,10.545545,106.39580000000001,5.980901486125448,130,0,2
130,11.032465,106.36424500000001,3.4617502468060204,130,0,2
130,11.02887,106.37354500000001,5.899442764726092,90,130,2
130,11.062465,106.344115,6.459307898797914,130,60,2
130,11.06893,106.339605,5.528947419069555,130,60,2
130,11.07812,106.33420000000001,7.027485945670968,130,60,2
130,11.14236,106.310075,5.528458495920332,130,90,2
130,11.113315,106.32613,5.566000000184772,130,60,2
130,11.176995000000002,106.31172000000001,7.075505794315489,130,60,2
130,11.136220000000002,106.31390999999999,6.238206254055836,130,60,2
130,11.168849999999999,106.31151,7.0272746437899025,130,90,2
130,11.122895,106.32295500000001,6.458964346641173,130,130,2
130,11.12314,106.32296,4.9598188002616075,130,100,2
130,11.2614,106.338915,3.2753008265887575,130,130,2
130,11.26132,106.338915,3.275301737194111,130,130,2
130,11.202115,106.39972,3.3396000000713144,130,0,2
130,11.22756,106.39141000000001,3.118620957341716,0,130,2
130,11.254565,106.372635,4.677716539950755,130,130,2
130,11.254525000000001,106.37257,3.9901097294679095,130,130,2
130,20.408675000000002,106.30865499999999,6.194031281006315,130,0,2
130,20.410635,106.30422,6.358071959854516,130,0,2
130,20.410655,106.30363,6.3580715595868105,130,0,2
130,20.408805,106.308085,6.194028427973562,130,0,2
130,10.475365,106.439015,1.5612383326132953,130,0,2
130,10.469809999999999,106.44401500000001,3.9675560695825425,130,130,2
130,10.559525,106.418445,5.672561482546964,120,130,2
130,10.572585,106.42756,1.1131999999578568,0,130,2
130,11.014485,106.410585,6.403312918413896,90,130,2
130,11.180705,106.41637,2.4514688192108216,0,130,2
130,11.18025,106.42651000000001,2.1841474915756063,0,130,2
130,11.175049999999999,106.43327500000001,5.528239950763124,130,130,2
130,11.175265,106.43295499999999,4.678346046300661,130,130,2
130,11.150369999999999,106.490905,5.897340096999824,130,60,2
130,11.155484999999999,106.477295,6.458778170920759,130,130,2
130,11.16313,106.45765,6.552829151610808,130,0,2
130,11.15548,106.477225,5.528371124607683,130,120,2
130,17.702370000000002,106.44201000000001,6.149928001340381,130,0,2
130,17.702675,106.441835,6.4110877766383565,130,0,2
130,17.940505,106.476685,6.408983894023121,130,130,2
130,20.66563,106.45121499999999,5.6638032230597934,130,0,2
130,10.63743,106.528945,5.906061588039553,130,120,2
130,10.637550000000001,106.52901499999999,5.906059927165383,130,60,2
130,11.129190000000001,106.523335,5.897708551221156,120,130,2
130,11.13748,106.515255,2.4798857611757668,130,130,2
130,11.1167,106.531725,2.479920045183319,130,60,2
130,11.116724999999999,106.531795,3.5136981072983087,130,130,2
130,11.137445,106.515185,3.5136739913179156,130,130,2
130,11.128824999999999,106.523935,4.678712937013951,130,60,2
130,17.653660000000002,106.51377500000001,5.473083216895967,130,100,2
130,20.911155,106.569665,4.570017814256804,0,130,2
130,20.919159999999998,106.561395,5.436775498786579,130,0,2
130,20.949285,106.53479,11.397044076915074,130,0,2
130,10.557995,106.62556000000001,4.516742810517531,0,130,2
130,11.05113,106.607245,3.962321437665543,0,130,2
130,11.0469,106.61404999999999,3.1195707389388767,90,130,2
130,11.17946,106.68618000000001,6.552460333784761,0,130,2
130,11.277515000000001,106.63373,3.3396000000713144,0,130,2
130,11.277865,106.633745,3.5135091911683056,0,130,2
130,11.23326,106.635795,2.4797267571846753,0,130,2
130,11.36306,106.62808,3.1178988957972726,0,130,2
130,11.36462,106.62731,3.117890639974095,0,130,2
130,11.357634999999998,106.63174000000001,7.073813117609668,130,130,2
130,11.311295000000001,106.631085,3.5134696675668193,0,130,2
130,11.311599999999999,106.63104,4.452800000029171,0,130,2
130,11.473905,106.67612,3.3395999998735704,130,130,2
130,11.40357,106.61402,2.2263999999157136,130,130,2
130,11.403575,106.61393,3.3395999998735704,130,130,2
130,11.469895000000001,106.61525,3.3396000000713144,130,130,2
130,11.469895000000001,106.61515,3.3396000000713144,130,130,2
130,11.490025,106.61452,3.3396000000713144,130,60,2
130,11.490034999999999,106.61461,3.3396000000713144,130,0,2
130,11.430125,106.61555,3.3395999998735704,0,130,2
130,11.430135,106.6154,3.3395999998735704,0,130,2
130,11.546589999999998,106.61642,4.452800000029171,130,0,2
130,11.546589999999998,106.61633499999999,4.584429300149252,130,60,2
130,11.5755,106.61642,4.958296315781747,130,60,2
130,11.575524999999999,106.6165,3.9887592861734897,130,0,2
130,11.634644999999999,106.60902,3.3396000000713144,130,60,2
130,11.634855,106.60912,3.3395999998735704,60,130,2
130,11.666049999999998,106.61251,4.452800000029171,130,60,2
130,11.666039999999999,106.61259,4.452800000029171,130,0,2
130,20.926485,106.655975,5.662286085614578,130,0,2
130,20.923135000000002,106.65341000000001,6.337313449985781,130,130,2
130,20.9343,106.636345,3.8322299867406575,130,130,2
130,20.926085,106.641885,3.4977222688730936,130,130,2
130,21.692394999999998,106.64394999999999,4.284599252956356,130,130,2
130,21.69979,106.66820999999999,4.698262642886178,50,130,2
130,21.686585,106.619295,6.156529396350863,130,130,2
130,21.689005,106.63130000000001,4.284693281847007,130,130,2
130,11.079460000000001,106.78338,3.119400682416095,130,130,2
130,11.079509999999999,106.783435,3.962059000413574,130,130,2
130,11.094535,106.775385,4.678982716224601,130,60,2
130,11.135304999999999,106.74304,3.3396000000713144,50,130,2
130,11.154264999999999,106.74333,3.3396000000713144,50,130,2
130,11.194949999999999,106.723455,6.767881236466178,90,130,2
130,11.133469999999999,106.7432,2.2264000001134576,0,130,2
130,11.170425,106.73775,3.3395999998735704,0,130,2
130,11.169965000000001,106.73773,5.565999999987028,0,130,2
130,11.182794999999999,106.730095,4.678286693522035,130,130,2
130,11.183065,106.72993,3.990405525668203,130,130,2
130,11.270775,106.77706,7.352585155480883,90,130,2
130,11.25826,106.76062999999999,6.236916084370417,130,60,2
130,11.241765000000001,106.7502,4.507005109186723,130,120,2
130,11.510345000000001,106.764005,3.4565955843248166,130,130,2
130,21.03537,106.743335,1.0390152612392611,90,130,2
130,21.85128,106.79404,6.075205379295058,0,130,2
130,10.494969999999999,106.86941,4.961836874910133,130,60,2
130,10.78615,106.86029500000001,3.280597674459162,130,0,2
130,10.89813,106.88814500000001,5.46561654344371,0,130,2
130,10.934909999999999,106.86822,4.452800000029171,130,130,2
130,10.93429,106.86832,4.452800000029171,130,130,2
130,10.90521,106.848895,2.480265859387332,130,0,2
130,10.908565,106.851545,4.680431565596724,130,130,2
130,10.908625,106.851475,4.680431100813689,130,130,2
130,10.902915,106.84242,2.4533109477017248,0,130,2
130,10.902855,106.84263,2.4533113420621406,80,130,2
130,11.070335,106.80501,5.566000000184772,130,90,2
130,11.15992,106.84454,4.452800000029171,130,0,2
130,11.159970000000001,106.84444,4.452800000029171,130,0,2
130,11.33202,106.820435,6.7677973255074,130,120,2
130,11.33764,106.82278500000001,5.527144101961923,130,120,2
130,11.313725,106.81752,6.643339095667341,130,120,2
130,11.391455,106.827835,4.676619740308706,130,0,2
130,11.39207,106.82817,3.117743324183326,130,0,2
130,11.35641,106.829915,5.527016311063852,130,0,2
130,11.443165,106.86726,3.9893205329938626,130,0,2
130,11.44322,106.867185,2.4793737601503913,130,0,2
130,11.469065,106.88281,3.3396000000713144,130,0,2
130,11.469065,106.88273,3.3396000000713144,130,0,2
130,11.405735,106.833215,3.4577424340243668,130,0,2
130,11.405655,106.83324999999999,2.4499438376867904,130,0,2
130,11.52334,106.844605,3.272285049155241,130,60,2
130,11.520715,106.8323,4.502859899122969,130,130,2
130,11.627095,106.894485,4.674701730953487,130,0,2
130,20.943505000000002,106.80578,2.3585464075744245,130,90,2
130,20.911605,106.835625,1.5233372348678174,130,0,2
130,21.0004,106.85013000000001,6.091664712248751,130,130,2
130,21.81348,106.84346,6.588531057882472,0,130,2
130,21.815585,106.839395,6.152628588619433,0,130,2
130,21.81358,106.8435,6.588527796343199,0,130,2
130,21.815285000000003,106.84009499999999,6.152638594188777,0,130,2
130,10.764605,106.95946,3.9921004715040502,90,130,2
130,10.799995,106.9497,3.99195964362488,130,90,2
130,10.772845,106.95802,1.1131999999578568,130,90,2
130,10.77281,106.95792,2.2263999999157136,90,130,2
130,10.843025,106.92927,5.980116801339836,130,90,2
130,10.800865,106.949435,3.514060989693278,90,130,2
130,10.871825,106.913815,3.4634348239974204,130,90,2
130,10.900115,106.91023999999999,4.511945877695723,130,130,2
130,10.900179999999999,106.91015999999999,4.906657653413643,130,130,2
130,10.943315,106.97567000000001,3.991384170960808,130,130,2
130,10.943265,106.97574,3.9913843738071897,130,130,2
130,10.936685,106.97079,3.9914109480184705,130,130,2
130,10.936734999999999,106.970715,4.680213589098192,130,130,2
130,10.91535,106.939325,3.9635688211114695,0,130,2
130,10.957625,106.9579,8.813815699451677,130,120,2
130,10.915275,106.939375,3.462981501681023,130,90,2
130,10.908515,106.926435,3.4630521307401265,130,90,2
130,10.909880000000001,106.92882,3.1202809607361206,90,130,2
130,11.028935,106.91311,3.3396000000713144,60,130,2
130,11.031925000000001,106.913175,3.513796537050526,130,0,2
130,11.03156,106.90838500000001,3.277890643584066,90,130,2
130,11.564385,106.95434499999999,4.675215865861121,130,30,2
130,11.54791,106.92799500000001,3.957629519451943,130,0,2
130,11.547915,106.92799,4.502450190452233,80,130,2
130,11.546825,106.92631,2.4489716417316383,130,130,2
130,11.546895,106.926265,3.4561924983291443,130,130,2
130,16.87978,106.97575,4.452799999831427,130,130,2
130,17.07715,106.99542500000001,5.478921228067539,130,60,2
130,17.077199999999998,106.99550500000001,5.478920330805342,130,60,2
130,17.17929,106.900965,5.764938522409009,130,100,2
130,20.957315,106.95413500000001,3.311397666305427,0,130,2
130,10.55526,107.06545,4.961648082873164,130,90,2
130,10.554784999999999,107.06585,3.992927079608756,0,130,2
130,10.544395,107.070285,3.4667928297278774,90,130,2
130,10.53294,107.03433,4.9617179713537665,0,130,2
130,10.53283,107.03540000000001,4.377771774718663,130,90,2
130,10.51418,107.08865,4.961776833585078,130,90,2
130,10.67581,107.028885,2.4806337226697166,130,120,2
130,10.650234999999999,107.040825,3.5142304755571776,130,90,2
130,10.666535,107.0333,3.9924887262014015,130,120,2
130,10.7135,107.003805,5.531268426118975,130,0,2
130,10.9536,107.03948,3.1200553484254017,130,130,2
130,10.953705,107.039535,3.4625792684879064,130,130,2
130,11.631540000000001,107.03809,3.1164434857018146,130,130,2
130,11.660345,107.059,3.9883963750068356,130,130,2
130,10.39845,107.152715,3.968179768713181,130,0,2
130,10.385665,107.13222,2.456619946130873,0,130,2
130,10.38403,107.115915,3.9683052597597586,130,0,2
130,10.386945,107.12049999999999,2.4566118888519384,130,0,2
130,10.38801,107.13548,4.913210663072366,0,130,2
130,10.422065,107.156105,5.586212171008291,130,0,2
130,10.499555,107.100165,8.456007813951372,90,130,2
130,10.439585000000001,107.14425499999999,5.585910210814803,130,130,2
130,10.45176,107.1237,2.1894595533421772,130,130,2
130,10.45196,107.11161000000001,4.378916285446407,130,130,2
130,10.47287,107.16789,2.2263999999157136,0,130,2
130,10.424745,107.15843,3.3395999998735704,130,90,2
130,10.499715,107.144165,3.467243223795941,90,130,2
130,10.482569999999999,107.17430999999999,3.1224409377971516,130,90,2
130,10.461385,107.169785,3.514439787416855,130,90,2
130,10.44688,107.17287,4.96198659402094,130,90,2
130,10.451665,107.17306500000001,3.514450463021161,90,130,2
130,10.431615,107.159325,3.5144724558232654,90,130,2
130,10.43183,107.15949499999999,2.481016722022623,90,130,2
130,10.513145000000002,107.18153,5.565999999987028,120,130,2
130,10.528324999999999,107.18139,3.3396000000713144,130,0,2
130,10.532135,107.17059499999999,3.514361791244973,130,80,2
130,10.52308,107.181395,4.585336280603894,0,130,2
130,10.523835,107.18153,3.3395999998735704,0,130,2
130,10.561615,107.16851,3.3395999998735704,130,130,2
130,10.666174999999999,107.140465,4.682284623617814,130,130,2
130,10.665144999999999,107.1507,4.515256804278837,130,130,2
130,10.644335,107.10584,4.51554645323674,130,50,2
130,10.664864999999999,107.170115,3.51421414436342,130,130,2
130,10.941435,107.12895,4.5113563155618985,130,130,2
130,10.941379999999999,107.12903,4.906117098992083,130,130,2
130,10.988245,107.153995,3.513846939274404,130,130,2
130,10.9424,107.14652000000001,4.371841458936388,130,90,2
130,10.94238,107.19112000000001,4.3718417539804255,130,130,2
130,10.94246,107.191115,3.2788804299625127,130,130,2
130,11.00596,107.16727,3.119783876131061,130,130,2
130,11.089125,107.18043499999999,3.4611503114996744,130,130,2
130,16.76191,107.17067499999999,3.89643097114238,130,90,2
130,16.761845,107.17061000000001,5.415836715186172,130,90,2
130,10.467614999999999,107.275035,3.514432972785417,130,130,2
130,10.467659999999999,107.275135,4.58538313420542,130,130,2
130,10.450045,107.28225499999999,3.5144522745636992,130,0,2
130,10.419145,107.27745999999999,3.9934530168012143,130,120,2
130,10.501885,107.26878,3.3395999998735704,0,130,2
130,10.894995,107.231545,7.732493489712588,130,120,2
130,10.899035,107.252745,5.577812809032529,130,120,2
130,10.94148,107.232715,3.2788912739729645,130,60,2
130,10.9416,107.225885,3.2788899448234807,130,60,2
130,10.94156,107.232635,3.2788903889103693,60,130,2
130,10.90227,107.29317,4.372432392955482,90,130,2
130,10.94168,107.225765,3.278889059751297,60,130,2
130,11.092884999999999,107.22022,2.452056161576123,130,130,2
130,11.156414999999999,107.239475,3.460434004024386,130,130,2
130,11.13794,107.22467499999999,5.528488264091568,130,130,2
130,10.903925000000001,107.314555,3.4631001673781574,90,130,2
130,10.90331,107.30536000000001,4.372417105515553,130,0,2
130,16.635125000000002,107.30022500000001,4.625130206671035,0,130,2
130,16.68307,107.338,3.08305069598287,130,130,2
130,11.478105,107.48446,5.565999999987028,130,130,2
130,11.472835,107.48515499999999,5.671908283747299,130,130,2
130,11.499514999999999,107.48727500000001,4.675744885511875,130,130,2
130,11.97268,107.49199,4.956911782293924,130,0,2
130,11.972645,107.49205,3.987038340623162,130,0,2
130,16.680484999999997,107.415565,4.62460625384551,130,130,2
130,16.68519,107.40883,6.774294012699725,130,130,2
130,11.295265,107.50053,3.9899404793939555,130,130,2
130,11.390895,107.54735,2.450044878335236,130,80,2
130,11.98115,107.50263000000001,6.228998193729197,130,0,2
130,11.98121,107.50259,6.22899796809887,130,0,2
130,20.945915,107.55011999999999,5.941695452925877,90,130,2
130,10.834905,107.651105,3.463818426856453,130,130,2
130,10.836500000000001,107.64683500000001,3.9642862903024905,130,130,2
130,10.82278,107.687765,3.964410794282263,130,130,2
130,10.83484,107.651095,3.2800653782083566,130,80,2
130,11.4216,107.679415,2.4794104005351167,130,130,2
130,11.408555,107.646625,3.45771154827605,130,130,2
130,14.70437,107.69772,3.0974732480176987,130,0,2
130,14.7043,107.69765000000001,3.0974738639772257,130,0,2
130,10.818435000000001,107.70634000000001,4.513104834958291,130,130,2
130,11.982225,107.702015,3.5126529399777318,130,90,2
130,11.982254999999999,107.7019,3.3396000000713144,130,90,2
130,11.968935,107.70092,5.488865061564646,130,130,2
130,11.968835,107.70087000000001,4.495991368057535,130,130,2
130,12.092075000000001,107.783965,3.5125150211166813,130,80,2
130,12.080925,107.785105,3.5125290782162244,130,130,2
130,16.182315,107.722665,6.42394199129501,0,130,2
130,16.35306,107.73775,4.938758802335256,130,0,2
130,16.33171,107.74908500000001,5.486207351183505,130,0,2
130,10.854334999999999,107.89577,2.4536284347247586,130,130,2
130,10.854405,107.89574999999999,2.453627976778601,130,130,2
130,12.159885,107.880965,3.4492454576565805,130,130,2
130,12.154975,107.865015,3.4493025049357127,130,130,2
130,16.26896,107.893715,5.343121787023425,130,60,2
130,10.873895000000001,107.93,5.502248089599435,120,130,2
130,10.85886,107.913735,5.902346131110014,120,130,2
130,10.867865,107.924165,4.680745535415262,130,120,2
130,10.905375,107.96298,7.359884306505363,130,120,2
130,10.91295,107.977705,5.90142709925255,120,130,2
130,10.939915,107.978395,4.6801889472837805,130,90,2
130,11.565570000000001,107.99781999999999,6.2336086159852995,130,60,2
130,11.567319999999999,107.999795,5.525569772592772,60,130,2
130,12.61203,107.92414,3.1108505065149457,130,130,2
130,14.032415,107.989,3.3395999998735704,130,0,2
130,14.03505,107.988375,4.581894747175986,130,0,2
130,14.03499,107.988485,4.581894769580019,130,0,2
130,14.380345,107.981165,4.649508402016531,120,130,2
130,14.30545,107.99197000000001,4.947893432014559,60,130,2
130,14.328855,107.99154,3.9756985792166994,130,90,2
130,14.307845,107.990615,3.5094812575627072,130,120,2
130,21.511635,107.95361,2.3515025457173477,100,130,2
130,10.924855,108.05458,6.651958261032018,0,130,2
130,10.92383,108.019485,3.279086383070949,130,0,2
130,10.926755,108.03887,4.511566024575156,0,130,2
130,10.926585,108.04451,4.51156859421694,130,0,2
130,12.676124999999999,108.090205,1.555234929061342,130,130,2
130,12.646809999999999,108.018945,7.023015529690737,130,120,2
130,12.688894999999999,108.01887,3.3396000000713144,130,60,2
130,12.696285,108.01872,3.3396000000713144,130,120,2
130,12.695885,108.01884,3.3396000000713144,130,60,2
130,12.63369,108.00392,3.110722047952232,130,90,2
130,12.710844999999999,108.05114499999999,3.442700929335555,130,120,2
130,12.723324999999999,108.096375,6.37420738146513,130,0,2
130,12.713735,108.08546,3.9836789600716216,130,60,2
130,13.55501,108.09964,3.105063015315328,130,0,2
130,13.886695,108.011075,3.5100942937969695,130,60,2
130,13.98174,108.058345,5.841975717406335,130,0,2
130,14.37789,108.01109500000001,5.391667628774622,130,120,2
130,14.377965,108.011315,5.505385840174953,130,120,2
130,16.22808,108.08323,4.452800000226915,130,130,2
130,10.965264999999999,108.12702999999999,5.5011794721684435,130,120,2
130,10.956585,108.11731,3.9913305309168012,130,0,2
130,10.989955,108.15394,3.991195484407358,90,130,2
130,10.984915,108.15057999999999,3.9912159246851586,130,90,2
130,10.99542,108.156645,2.4801191464327457,130,90,2
130,10.965215,108.12710000000001,5.501179707108357,130,120,2
130,10.97953,108.14767,3.1199210641318373,90,130,2
130,11.093145,108.19258500000001,4.678993398241066,130,0,2
130,11.006635,108.15976,3.3396000000713144,130,0,2
130,11.018764999999998,108.16131,5.565999999987028,130,0,2
130,11.07592,108.181095,5.528901037384128,130,0,2
130,12.642385,108.11245500000001,3.44352956874415,60,130,2
130,12.642315,108.11246,4.485184595782533,60,130,2
130,12.734535000000001,108.12886,8.757577679817363,130,130,2
130,12.73143,108.114915,5.867926704758661,130,60,2
130,12.731225,108.114525,5.542108375333379,130,60,2
130,13.56036,108.101705,2.4754684934231954,130,130,2
130,11.186485000000001,108.27849499999999,4.678257477813253,130,0,2
130,11.131055,108.21576999999999,3.9906194614551715,130,0,2
130,11.200735,108.292265,3.459959707928275,130,0,2
130,12.949615000000001,108.250155,4.663236846785813,130,60,2
130,12.959235,108.24645,3.3396000000713144,90,130,2
130,12.959235,108.24635,3.3396000000713144,0,130,2
130,12.922975000000001,108.26403,3.3396000000713144,130,60,2
130,12.97562,108.23793,3.108666213220547,80,130,2
130,12.975674999999999,108.23798500000001,4.66299904628168,90,130,2
130,11.195599999999999,108.34564,4.902737456538784,130,120,2
130,11.196819999999999,108.34244000000001,4.902721323252564,130,120,2
130,11.203495,108.38608500000001,3.513596682637522,130,60,2
130,11.754715000000001,108.383875,3.512934874452107,130,90,2
130,11.066320000000001,108.40551500000001,3.962180954330169,90,130,2
130,11.065185,108.404,3.99088919037792,0,130,2
130,11.219955,108.48361,6.645444620697189,130,0,2
130,11.216384999999999,108.44038,4.5073774524364145,130,0,2
130,11.21979,108.49049500000001,3.2757735915487207,130,0,2
130,11.21691,108.42748,4.367741666846029,130,0,2
130,11.857344999999999,108.457095,3.5128083639504926,130,0,2
130,11.860845000000001,108.45817,5.9772745101670255,130,90,2
130,11.876555,108.469545,3.5127845612859145,130,90,2
130,15.58051,108.464555,4.580092004292223,130,120,2
130,15.639005000000001,108.43053499999999,1.5454363724342473,130,120,2
130,11.18657,108.56678,4.9028588051138815,130,120,2
130,11.174265,108.55800500000001,3.460243243992226,130,130,2
130,11.213805,108.518085,4.678040881689602,130,0,2
130,11.204335,108.53747000000001,4.507553728656935,130,120,2
130,15.591750000000001,108.53293,9.273646315229485,130,90,2
130,15.59299,108.531545,5.493132870010361,130,90,2
130,15.593095,108.531635,4.636808701575683,130,90,2
130,11.21956,108.644995,3.9607532022243173,0,130,2
130,11.181719999999999,108.70197999999999,4.959624891298084,130,130,2
130,11.181619999999999,108.7021,3.118863865293245,130,130,2
130,11.19028,108.709445,2.4797982542566936,130,130,2
130,11.190235000000001,108.709575,3.513612231318607,130,130,2
130,11.246475,108.72963,5.565999999987028,120,130,2
130,11.246424999999999,108.72971,5.565999999987028,120,130,2
130,11.299525,108.718935,3.513483560273511,0,130,2
130,11.225845,108.713345,4.677945263346595,130,0,2
130,11.319085,108.785615,5.570109064743711,130,130,2
130,11.318875,108.785055,5.570112986462429,130,130,2
130,11.31143,108.75453999999999,4.366306806718799,130,60,2
130,11.313565,108.76676499999999,4.677245628126482,0,130,2
130,11.320535,108.791935,3.458668798751058,130,130,2
130,11.32046,108.791955,3.27462682989438,130,130,2
130,11.770209999999999,108.78512,6.23135773378385,130,130,2
130,11.770299999999999,108.78503,6.231356735671345,130,130,2
130,15.15381,108.73166,3.094347051517456,130,130,2
130,15.24286,108.78238,4.452800000029171,120,130,2
130,15.34563,108.73169,6.185971767559971,0,130,2
130,11.332799999999999,108.84438,4.900882188444718,130,0,2
130,11.33645,108.855655,3.9596512596009417,0,130,2
130,11.335515000000001,108.87388999999999,7.074021852669033,0,130,2
130,11.33355,108.869355,3.2744769748631666,130,0,2
130,11.32279,108.80248499999999,5.457666945835049,130,90,2
130,11.323115,108.816325,5.570033575143383,90,130,2
130,11.46082,108.89795000000001,4.9586876664128905,130,0,2
130,11.445879999999999,108.89404,4.452800000029171,130,0,2
130,11.42774,108.89371,4.452799999831427,130,0,2
130,11.62867,108.89662,3.1164593267106238,130,60,2
130,11.62982,108.897935,2.479054741421628,130,60,2
130,15.03143,108.85637,4.944782944111945,130,0,2
130,15.06909,108.836125,2.4723088367666275,130,120,2
130,15.15092,108.84883500000001,3.2235179535398637,70,130,2
130,15.139635,108.811195,3.4104823312146375,130,70,2
130,15.150765,108.84887499999999,3.4103221209720513,130,70,2
130,15.140744999999999,108.825775,3.4104663572602867,130,70,2
130,15.142425,108.83447000000001,5.443107883712899,130,70,2
130,15.15065,108.804745,3.223522066693998,130,130,2
130,11.47981,108.905595,4.584490917483782,130,0,2
130,11.479785,108.905675,5.6719031165341995,130,0,2
130,11.490535000000001,108.909375,5.671895155001632,130,0,2
130,11.502305,108.915345,3.513241670195781,130,0,2
130,11.514299999999999,108.91933,4.958505699357411,130,0,2
130,11.56251,108.97805,3.116820934948826,130,0,2
130,11.590625,108.988795,3.5131350752421078,0,130,2
130,11.52928,108.93363,3.1170016977352004,130,0,2
130,11.539629999999999,108.95254,4.898043155462786,130,0,2
130,11.547925,108.964495,4.675350371585045,130,0,2
130,11.61759,108.994045,4.5843633812148274,60,130,2
130,14.894965,108.91791,3.9726903153250412,130,60,2
130,14.85708,108.934725,4.580957275609266,0,130,2
130,11.668320000000001,109.03119000000001,4.957976595738465,90,130,2
130,11.644359999999999,109.01377500000001,5.888559818410737,130,120,2
130,11.64941,109.06857,6.232691226836819,130,60,2
130,11.744025,109.06729,5.977613026804376,130,130,2
130,11.748165,109.071005,4.673701537917597,130,130,2
130,11.718634999999999,109.06323,5.565999999987028,130,130,2
130,11.718644999999999,109.063315,5.671723717828589,130,130,2
130,11.780345,109.08201,3.9878787440216574,130,0,2
130,11.78029,109.08206,3.1156230058339416,130,0,2
130,11.766725000000001,109.07563,3.9879377647400753,0,130,2
130,11.766755,109.07557,3.987937504714435,0,130,2
130,11.77664,109.080045,4.584214446188632,0,130,2
130,11.77667,109.079955,4.58421438020219,0,130,2
130,11.745075,109.06773,5.977609998316346,130,100,2
130,11.883759999999999,109.09219999999999,3.1150464671491167,130,0,2
130,11.88663,109.09424,4.957215372817324,130,60,2
130,12.162975,109.075975,3.5124253111748405,130,0,2
130,12.144134999999999,109.09004999999999,3.9862780505408724,130,0,2
130,12.144085,109.08998,3.9862784084635012,130,0,2
130,12.162965,109.07588,3.3395999998735704,130,0,2
130,12.179115,109.06033500000001,3.4490217037844224,130,60,2
130,12.205,109.07233,4.452799999831427,130,0,2
130,12.205025,109.07224,3.3396000000713144,130,0,2
130,12.486725,109.059845,4.667384208173795,130,0,2
130,13.970775,109.063135,5.6698624273856355,0,130,2
130,13.941205,109.07965999999999,5.970719498764872,130,0,2
130,13.963940000000001,109.06604,4.9493071069047545,130,0,2
130,14.034199999999998,109.050585,4.5818956469251715,0,130,2
130,14.034215,109.050685,5.669805611780121,130,0,2
130,14.05795,109.046175,4.581869250959028,0,130,2
130,14.066935,109.04397,5.970291562941525,130,0,2
130,14.116330000000001,109.043645,4.58180419274395,0,130,2
130,14.11632,109.043725,4.581804203716999,130,0,2
130,14.123445,109.04525,5.565999999987028,130,0,2
130,14.132919999999999,109.04577,4.452800000029171,0,130,2
130,14.149125000000002,109.045935,5.66970209740155,60,130,2
130,14.21528,109.06576,4.948269649385762,130,0,2
130,14.278739999999999,109.07856,4.452800000029171,0,130,2
130,14.308454999999999,109.07191,3.9758047976439523,130,60,2
130,14.362549999999999,109.03569,4.947653778960736,0,130,2
130,14.48281,109.034195,4.581390127455666,130,120,2
130,14.50108,109.03466,4.452799999831427,120,130,2
130,11.843679999999999,109.110055,4.584151080200086,90,130,2
130,11.847135,109.10859500000001,3.5128209993147115,90,130,2
130,11.845215,109.10933,3.987596741867451,130,90,2
130,11.997475000000001,109.19271499999999,3.5126338964003088,60,130,2
130,11.912044999999999,109.10146,5.565999999987028,130,90,2
130,11.90136,109.100835,4.584096251213688,130,90,2
130,11.9028,109.10055,2.2264000001134576,90,130,2
130,11.913609999999998,109.101225,4.584084582396504,90,130,2
130,12.031465,109.109625,5.5563877093292815,130,120,2
130,12.047699999999999,109.16289,3.1141228708988113,130,130,2
130,12.047744999999999,109.16296,3.9867067924506867,130,130,2
130,12.075165,109.15713,3.3395999998735704,130,60,2
130,12.075165,109.15721,3.3395999998735704,130,0,2
130,12.053180000000001,109.11858000000001,3.1140917876009486,130,0,2
130,12.126304999999999,109.10403500000001,4.670513610278775,130,0,2
130,12.12636,109.1041,3.1136752842924347,130,0,2
130,12.119720000000001,109.11066,4.889812947378327,130,0,2
130,12.1198,109.11070000000001,4.889811494541853,130,0,2
130,12.283945,109.138035,3.4477965999810887,130,130,2
130,12.283865,109.13807,2.443706262474356,130,130,2
130,12.29159,109.151175,2.4778839829788493,60,130,2
130,12.275590000000001,109.11971,4.887534359180298,130,130,2
130,12.275504999999999,109.11974000000001,4.491142493281681,130,130,2
130,12.304885,109.171895,3.447550625119295,0,130,2
130,12.300765,109.18781000000001,5.48456346319806,130,60,2
130,12.304185,109.16969,2.443556594093327,130,0,2
130,12.32365,109.19047499999999,5.520171910887162,130,130,2
130,12.347455,109.197225,5.671234828572831,130,0,2
130,12.32384,109.190515,5.520170513848517,130,130,2
130,12.467405,109.123285,3.512034702025798,130,0,2
130,12.467375,109.123375,3.512034702025798,130,0,2
130,12.51884,109.15672,4.954935596232346,130,0,2
130,12.51879,109.15679,3.1114010705857136,130,0,2
130,13.812294999999999,109.196505,6.4418627363965335,120,130,2
130,13.810030000000001,109.19960499999999,5.845680047250756,120,130,2
130,13.8342,109.14177000000001,4.949835891827178,0,130,2
130,13.820184999999999,109.146255,5.669996342187463,130,0,2
130,13.872250000000001,109.12483499999999,5.508107181472524,0,130,2
130,12.668489999999998,109.208935,5.51760228069762,130,0,2
130,12.66855,109.20883,4.954379344792093,130,0,2
130,12.711085,109.22778500000001,4.665391932399844,130,0,2
130,12.74022,109.26771,4.880573856487744,130,120,2
130,12.710944999999999,109.22757,3.9836921065268593,130,0,2
130,13.02379,109.222285,5.862070330357359,130,130,2
130,13.073755,109.28078500000001,6.367735388903572,130,130,2
130,13.074085,109.28110000000001,5.474099280537043,130,0,2
130,13.188305,109.27529,5.973206229988184,130,120,2
130,13.285565,109.242365,4.6601362671335025,130,0,2
130,13.275960000000001,109.24826999999999,4.952058650489438,130,0,2
130,13.25368,109.252775,4.58274015605494,130,120,2
130,13.312175,109.21778,3.3395999998735704,130,0,2
130,13.325009999999999,109.210195,4.582664801521251,130,0,2
130,13.42435,109.21522999999999,4.951476045523071,120,130,2
130,13.54785,109.2513,4.452800000029171,130,0,2
130,13.508315,109.24841,7.792400000100486,0,130,2
130,13.520695,109.245155,5.670258681168053,130,0,2
130,13.520685,109.245065,5.670258733192077,130,0,2
130,13.983175,109.24611999999999,5.461012855502419,130,120,2
130,13.96542,109.24537000000001,4.9493012112050465,130,120,2
130,13.963745,109.24598,5.970643074464735,130,120,2
130,13.962855000000001,109.24629999999999,5.970646093743646,130,120,2
130,13.96377,109.24607,4.949307802787387,130,120,2
130,13.960640000000001,109.247175,5.507377920268598,120,130,2
130,13.984445000000001,109.247365,4.653443877660958,130,120,2
130,13.996365,109.24495,3.3396000000713144,130,120,2
130,13.996115,109.245065,3.5099366357465587,130,120,2
130,13.987145000000002,109.248775,5.669847834175556,130,120,2
130,13.98564,109.24864,4.9492182139277725,130,120,2
130,14.049904999999999,109.221665,4.652800056338971,130,120,2
130,14.052430000000001,109.21966,4.948943808689519,130,120,2
130,14.00809,109.24267499999999,4.581924617747935,130,120,2
130,14.053329999999999,109.21907999999999,4.948940267465,130,120,2
130,14.05482,109.21834,4.948934132280179,130,120,2
130,14.051285,109.220235,4.652786753493365,130,0,2
130,14.132380000000001,109.20792,4.452800000029171,0,130,2
130,14.12289,109.20488,4.94865317325095,130,0,2
130,12.777439999999999,109.357675,6.766853921241923,130,90,2
130,12.798300000000001,109.32226,3.1097389008622076,130,0,2
130,12.79837,109.322175,3.9449329100206496,130,0,2
130,12.751085,109.3604,5.9745908825265595,90,130,2
130,12.803945,109.337155,3.4415669008021617,130,0,2
130,12.80367,109.33601999999999,2.171040922331433,130,0,2
130,12.91709,109.35954000000001,6.21804406048936,130,0,2
130,12.911995000000001,109.366965,3.5114479034064625,130,0,2
130,12.91202,109.367045,2.476730649416144,130,0,2
130,12.967884999999999,109.34541999999999,3.9824829601784466,130,0,2
130,13.00534,109.371895,4.58299942195505,0,130,2
130,13.035705,109.313535,1.5541498119890544,130,0,2
130,13.00902,109.324865,2.476545502811469,130,0,2
130,13.00899,109.324795,2.4765455987613807,130,0,2
130,13.012645,109.35163499999999,6.36887673506484,130,0,2
126,20.94644,106.312075,2.4571724344742933,60,126,2
125,22.510965,104.28488999999999,6.2699009120167055,125,125,2
125,20.893594999999998,104.54977,8.394147792059345,125,125,2
125,20.766795000000002,104.89835,3.9353050532579505,80,125,2
125,20.767445000000002,104.88809499999999,9.168843390705664,80,125,2
125,20.728095000000003,104.94998000000001,4.310786524813334,80,125,2
125,20.71729,104.97067000000001,40.072900296949044,80,125,2
125,21.510525,105.021135,7.981887323616862,0,125,2
125,20.63675,105.19951,2.0835400812800904,125,125,2
125,20.639155000000002,105.20866000000001,4.313145420746523,125,125,2
125,20.617154999999997,105.25177,4.313727099726693,125,125,2
125,19.797565,105.397975,3.4999977332298386,125,125,2
125,19.81109,105.39496,6.679199999747141,125,125,2
125,19.95975,105.399265,2.4600141539365636,125,125,2
125,19.96888,105.39968,3.055421527041769,125,125,2
125,20.96077,105.395105,5.436278208932892,80,125,2
125,21.244210000000002,105.38601,4.912584352178033,100,125,2
125,21.242385,105.38535,1.1131999999578568,100,125,2
125,21.367745,105.388355,5.6617188829587,90,125,2
125,19.85604,105.406385,8.486337838734597,125,125,2
125,19.876645,105.408385,5.663596021885062,125,125,2
125,20.9715,105.4003,4.914197564300126,125,80,2
125,20.999679999999998,105.41269,6.091677636562526,125,125,2
125,20.981115,105.40403,6.9473563790058055,60,125,2
125,20.979915,105.40331499999999,6.379933565136316,125,125,2
125,21.0019,105.41461000000001,6.091635441773161,125,125,2
125,21.172060000000002,105.45558,4.711467327315533,125,125,2
125,21.17801,105.448655,3.8280774753022793,125,125,2
125,21.185275,105.440455,7.610171812502992,125,125,2
125,21.11807,105.493995,2.4566662616391413,125,125,2
125,21.28445,105.403355,5.432380853660126,125,100,2
125,21.21527,105.406385,3.1132665956350296,125,90,2
125,21.20894,105.414245,2.4563968971224455,90,125,2
125,20.853415,105.59613,2.359647387755055,125,125,2
125,20.858525,105.58352,2.3595850550610544,125,125,2
125,20.94425,105.549275,5.198247055654243,50,125,2
125,21.021835000000003,105.52049,1.1131999999578568,125,125,2
125,21.037574999999997,105.512755,1.5227393306659398,125,125,2
125,21.028775000000003,105.5181,1.1131999999578568,125,50,2
125,21.029145,105.517865,1.5227794415171412,80,125,2
125,19.84567,105.69985,3.0565382255348963,125,125,2
125,19.967405,105.65698499999999,4.5831523288090885,0,125,2
125,20.388795000000002,105.629275,7.628923336582867,125,125,2
125,20.346245,105.691845,4.5779444994835226,125,125,2
125,20.39888,105.605145,3.8412000669877644,125,125,2
125,20.831,105.64243,2.2263999999157136,125,125,2
125,20.840545,105.63803,5.335801633610904,50,125,2
125,21.02459,105.6037,3.0456020749432557,125,100,2
125,10.368405,105.793345,3.5145415235629462,100,125,2
125,19.719095000000003,105.78318,3.3395999998735704,125,0,2
125,19.71219,105.78395,2.2263999999157136,120,125,2
125,20.243205,105.79267,3.9390799712026228,125,125,2
125,20.337775,105.705555,1.5260206745712452,125,125,2
125,20.32816,105.73103499999999,1.0438680190587935,125,125,2
125,20.686194999999998,105.73501999999999,6.3469712577224575,125,120,2
125,20.752865,105.76703499999999,7.86162340844688,125,125,2
125,20.768684999999998,105.769275,5.662486546584955,125,125,2
125,20.769235000000002,105.769325,5.662485850329609,125,125,2
125,20.931665000000002,105.75771,3.3395999998735704,125,90,2
125,20.91918,105.7842,4.452799999831427,125,60,2
125,19.920475000000003,105.89984,2.3707897118952164,125,125,2
125,20.133825,105.86703499999999,5.343118667293697,125,125,2
125,20.968185,105.87796,3.9338313901112247,125,80,2
125,20.96989,105.879225,2.4571034885726726,125,80,2
125,20.019085,105.97616,3.9406702607393442,125,125,2
125,20.1629,105.93199999999999,4.73588013536328,125,125,2
125,20.24049,105.969875,2.4592175030633774,125,125,2
125,20.247705,105.973405,1.5264359198115844,125,125,2
125,20.36087,105.921075,2.458872976267179,50,125,2
125,20.320185000000002,105.940605,7.630508979567638,125,125,2
125,20.31691,105.943165,7.376997143076369,125,125,2
125,20.300625,105.95218,3.9386700715893297,125,125,2
125,20.301585,105.95192499999999,8.398322133367119,125,125,2
125,20.4152,105.91883,2.2263999999157136,60,125,2
125,20.451365000000003,105.91623,3.3395999998735704,120,125,2
125,20.617795,105.923995,3.4983544023167843,125,125,2
125,20.62321,105.92257000000001,6.996686551174688,125,125,2
125,20.62419,105.922345,4.573061504409801,125,125,2
125,20.693170000000002,105.911205,2.457912890148262,125,125,2
125,20.69747,105.909295,2.4579003807828923,125,125,2
125,20.695875,105.910135,3.498195055931728,125,125,2
125,21.09747,105.96731,6.617273765659733,125,60,2
125,21.00881,105.95528999999999,4.715490792351143,0,125,2
125,21.09507,105.964845,5.650134230529486,125,60,2
125,21.21814,105.93149,4.452800000226915,125,0,2
125,20.54096,106.057895,2.458354322407954,125,125,2
125,20.94229,106.028645,1.0396630231754032,125,125,2
125,20.94235,106.028695,1.039662606507259,125,125,2
125,20.932315000000003,106.06158500000001,3.311888249475142,125,125,2
125,20.93224,106.061555,3.1191983969999777,125,125,2
125,21.234569999999998,106.09993,4.452800000226915,125,125,2
125,21.21229,106.095055,2.45638700795852,125,125,2
125,20.28582,106.170085,2.4590879727052966,125,50,2
125,20.282135,106.171015,3.499033689918125,50,125,2
125,20.24102,106.180665,6.760369756799621,80,125,2
125,20.32322,106.17393,2.2263999999157136,50,125,2
125,20.4516,106.166955,3.1290972950915124,125,0,2
125,20.60339,106.19337999999999,2.0839965982749127,125,125,2
125,20.738039999999998,106.17406,4.915564445657384,125,125,2
125,20.726895,106.17994999999999,3.9355958363096666,125,125,2
125,20.86981,106.19058,2.0803310512083537,125,125,2
125,20.91662,106.12107,6.62439132664493,125,125,2
125,20.91709,106.12358,2.079675844507263,80,125,2
125,20.967335,106.176885,3.3112008875797803,125,125,2
125,20.92233,106.14918499999999,5.655664704850115,125,80,2
125,20.92211,106.148335,3.1194092921667376,125,80,2
125,20.97207,106.15484000000001,4.7163929255470505,125,80,2
125,20.979965,106.14105,2.358099586257426,125,125,2
125,20.972866666666665,106.15328,5.124994896174821,50,125,3
125,20.917305,106.124675,5.317020550608271,80,125,2
125,20.9332,106.190575,5.655317342335355,125,125,2
125,20.930545000000002,106.18075999999999,4.30538215684141,125,125,2
125,20.930235,106.186325,7.861461091238633,125,0,2
125,20.9303,106.179855,7.6111369991201725,125,125,2
125,20.929215,106.1866,5.941776365276053,125,50,2
125,21.24228,106.10015,4.452799999831427,125,125,2
125,21.245145,106.10057,5.566000000184772,125,125,2
125,21.223715,106.10013,5.565999999789284,125,125,2
125,21.26574,106.110055,2.456228035206952,125,80,2
125,21.25443,106.108105,3.8267662995593255,125,125,2
125,21.359775,106.13556,3.9309306047961856,80,125,2
125,20.26671,106.22456,4.452799999831427,125,125,2
125,20.248175,106.22457,5.566000000184772,125,125,2
125,20.257355,106.224595,10.07308348089243,125,125,2
125,20.27579,106.22406,4.452799999831427,125,125,2
125,20.425964999999998,106.202445,3.49874369638509,120,125,2
125,20.43786,106.23875000000001,2.0862513583036764,125,50,2
125,20.43917,106.227105,3.129350374530393,125,50,2
125,20.57078,106.25182,10.683170250635868,125,125,2
125,20.559755000000003,106.27168,2.363205680270757,80,125,2
125,20.57382,106.248455,2.458259268212893,125,125,2
125,20.58006,106.241855,1.0421577209179893,125,125,2
125,20.785195,106.25474,3.3395999998735704,90,125,2
125,20.81402,106.22902500000001,6.759767735218,125,125,2
125,20.83189,106.28565499999999,4.5727363856286525,125,125,2
125,20.977339999999998,106.25363,6.622008035612306,80,125,2
125,20.97625,106.24972,6.6220508770921835,125,50,2
125,20.970245,106.22300000000001,4.304316223809895,125,125,2
125,20.92558,106.29434499999999,3.1193370611566573,125,60,2
125,20.93543,106.28544,2.0794213079545947,125,125,2
125,20.93713,106.220945,5.198494258897863,125,125,2
125,20.918335,106.29396,1.1131999999578568,125,0,2
125,20.91844,106.2942,2.2263999999157136,125,0,2
125,20.937945,106.21042,4.305183663960965,125,125,2
125,21.004244999999997,106.247775,1.5228978358587586,125,125,2
125,21.247895,106.26437999999999,12.929357014404477,125,125,2
125,21.23682,106.261875,13.716283759216019,125,125,2
125,21.33405,106.217455,1.0369181801202052,125,125,2
125,21.33644,106.211435,5.64233706214296,125,125,2
125,21.426505,106.23550499999999,5.299552623656752,125,125,2
125,21.4157,106.26768999999999,4.705408449225402,125,125,2
125,21.42183,106.252915,5.63955863832266,125,125,2
125,21.401575,106.27948,5.565999999789284,125,125,2
125,21.43413,106.22175,4.7049475339427875,125,125,2
125,10.425435,106.304495,3.5144792260948434,125,60,2
125,10.427975,106.30414,3.3395999998735704,60,125,2
125,20.48719,106.359155,3.8397354953222793,125,80,2
125,20.556179999999998,106.3661,4.916620681340189,80,125,2
125,20.56593,106.36969500000001,9.438557128673015,125,80,2
125,20.561925000000002,106.37004999999999,5.943547805097256,50,125,2
125,20.554560000000002,106.346655,9.891815423752659,125,125,2
125,20.519985,106.361805,5.662799881870225,125,80,2
125,20.57283,106.36180999999999,4.916524094630907,125,125,2
125,20.608325,106.34758500000001,3.318196209360309,125,125,2
125,20.60882,106.355475,7.293728188705787,125,125,2
125,20.946064999999997,106.30901,2.3585149355404007,125,70,2
125,20.941445,106.30528,2.358571631609286,125,80,2
125,20.949089999999998,106.31347500000001,3.8319792060535454,70,125,2
125,20.94436,106.34714,2.2263999999157136,125,0,2
125,20.9058,106.31087500000001,5.436934986253246,125,125,2
125,21.0063,106.33273,2.2263999999157136,125,40,2
125,21.00322,106.333795,2.4570053819037168,40,125,2
125,21.022675,106.32738,1.1131999999578568,50,125,2
125,21.02279,106.32734500000001,2.456947716164488,125,80,2
125,21.033105,106.32455,3.3395999998735704,50,125,2
125,21.03385,106.32436,2.2263999999157136,50,125,2
125,21.033929999999998,106.32434,2.2264000003112017,125,80,2
125,21.029305,106.34867,3.93338167692987,60,125,2
125,21.0255,106.34631,3.045593608453121,60,125,2
125,21.031309999999998,106.349885,5.435433227022877,125,80,2
125,21.024305,106.345515,6.379480899433453,125,80,2
125,21.04664,106.35663,2.2263999999157136,125,80,2
125,21.035595,106.352165,3.4974959369388183,125,125,2
125,21.3053,106.37767,4.708161307894854,125,125,2
125,21.349065,106.328445,5.661743151982285,125,125,2
125,21.355365,106.323485,5.3020166753038955,125,125,2
125,21.377965,106.30917500000001,6.375840970298149,125,125,2
125,21.38877,106.30657,3.042111406648053,125,125,2
125,20.643635,106.417265,6.187292391128356,125,80,2
125,20.65135,106.428455,3.8369967126808286,80,125,2
125,20.66318,106.44503,4.7239152449741235,125,120,2
125,20.665995000000002,106.451965,3.3170801690773124,125,120,2
125,20.6803,106.47983500000001,2.4579503739453648,125,120,2
125,20.65115,106.42815999999999,3.0491266986269774,125,50,2
125,20.69866,106.486555,2.4578969186002912,125,125,2
125,20.645364999999998,106.41976500000001,6.187242511597093,50,125,2
125,20.727275,106.49779,3.3395999998735704,125,125,2
125,20.72728,106.497705,4.572900439896264,125,125,2
125,20.701965,106.488265,3.4981826063346575,125,90,2
125,20.737075,106.49863500000001,10.072745573898981,125,0,2
125,20.7358,106.49853,2.2263999999157136,125,0,2
125,20.74255,106.49814,4.452800000226915,0,125,2
125,20.75874,106.492715,2.4577219037486775,125,90,2
125,20.74176,106.498225,2.4577714686697303,125,0,2
125,20.765794999999997,106.495025,4.5720757944672155,0,125,2
125,20.810085,106.400795,1.5238167423534752,125,125,2
125,20.81201,106.414705,2.4575663689603107,125,125,2
125,20.97347,106.484325,1.0394463409903325,125,125,2
125,20.973374999999997,106.48527,2.3581802788850394,125,125,2
125,20.978175,106.411795,1.5230216136137285,125,125,2
125,20.975155,106.43536,2.3581584527887958,125,125,2
125,20.975614999999998,106.43442999999999,2.358152810756584,125,125,2
125,20.97929,106.42170999999999,2.078811721339794,125,125,2
125,20.971045,106.46772,4.304295000036548,125,125,2
125,20.970844999999997,106.46692,2.358211421026073,125,125,2
125,20.933245,106.49175,3.9340879724203437,125,125,2
125,20.94117,106.49558,4.914375900309101,125,125,2
125,21.28529,106.44483,3.043108607411277,125,125,2
125,21.27381,106.46277,9.417888027070694,125,125,2
125,21.27133,106.45766499999999,3.112082658639,125,125,2
125,21.27568,106.47528,4.149320888592424,125,125,2
125,21.293315,106.417895,3.3047507198448134,125,125,2
125,20.354385,106.541015,3.498888262476073,125,80,2
125,20.39218,106.54611,6.260611566315723,125,125,2
125,20.391845,106.53620000000001,16.732073180297387,125,125,2
125,20.77744,106.51074,4.7211445519511885,90,125,2
125,20.770925,106.58319499999999,3.315042015385427,125,125,2
125,20.79803,106.525195,2.4576072779208884,125,60,2
125,20.77565,106.50458499999999,7.618295994712441,125,0,2
125,20.817610000000002,106.5776,3.047562486797568,125,125,2
125,20.80595,106.52995,3.0476726041770164,50,125,2
125,20.82645,106.54934,3.0474791077937198,125,60,2
125,20.823684999999998,106.54507000000001,7.080028523690176,0,125,2
125,20.823574999999998,106.54504,7.080032541932699,125,0,2
125,20.823045,106.55949,2.360017547325765,125,125,2
125,20.82233,106.564175,3.121481402185017,125,125,2
125,20.817355,106.59591,2.3600868434289994,125,125,2
125,20.811799999999998,106.59171,3.047617268598365,125,125,2
125,20.87275,106.58239,2.2263999999157136,125,125,2
125,20.816145,106.58019,2.3601014554849673,125,125,2
125,20.887790000000003,106.59554,13.991204454610246,125,90,2
125,20.863475,106.59827,4.307177906889426,125,125,2
125,20.84101,106.55992,3.0473417090978296,0,125,2
125,20.848309999999998,106.564395,2.457460248794793,125,70,2
125,20.832495,106.5538,3.9348255615532697,90,125,2
125,20.83449,106.55532,3.0474032465509473,90,125,2
125,20.893475000000002,106.59040999999999,2.3591583591302814,125,50,2
125,20.881045,106.588905,1.5234818095907658,125,0,2
125,20.841459999999998,106.5603,3.0473376513479167,90,125,2
125,20.840600000000002,106.55975000000001,4.914965451219209,125,90,2
125,20.84659,106.56332,4.914930623958783,125,70,2
125,20.869855,106.58595,5.335169197486874,90,125,2
125,20.880595,106.587605,3.312901421716231,125,0,2
125,20.90364,106.57625999999999,3.046749726553334,50,125,2
125,20.967835,106.504465,1.523070735722808,125,125,2
125,20.905430000000003,106.57495,7.86858328028794,50,125,2
125,20.96792,106.504515,1.0394849326631441,125,125,2
125,20.90486,106.575525,2.4572944684879614,125,50,2
125,20.92345,106.55863,3.0465621554889033,0,125,2
125,20.943745,106.54390000000001,3.9340106830381507,125,125,2
125,20.906109999999998,106.50371,4.452800000226915,125,125,2
125,20.90967,106.57144,3.046692648329646,125,120,2
125,21.29392,106.53675,10.608278990793426,125,125,2
125,21.2834,106.55274,12.644856288226404,125,125,2
125,20.88856,106.68133499999999,20.279065401782187,125,60,2
125,20.88824,106.60391999999999,4.718444262844077,125,125,2
125,20.82313,106.66017500000001,3.8341098482558413,60,125,2
125,20.899594999999998,106.60566,1.1131999999578568,125,125,2
125,20.853755,106.61654,3.3396000002690585,125,125,2
125,20.823205,106.66033,2.360015476698212,125,60,2
125,20.888534999999997,106.60256,2.3592187117464114,80,125,2
125,20.874155000000002,106.622855,1.5235143319101645,0,125,2
125,20.874235,106.62289,2.3593933385532773,80,125,2
125,20.888575000000003,106.681495,19.17988452926619,125,60,2
125,20.88729,106.67406,2.2263999999157136,0,125,2
125,20.94166,106.66799499999999,3.1190021928887908,125,0,2
125,20.92173,106.64581,3.04657863796265,125,90,2
125,20.992115,106.697465,3.3107136623786797,125,0,2
125,20.922125,106.64661000000001,2.3588080858937563,125,90,2
125,20.919685,106.64365000000001,5.334091506485858,125,90,2
125,20.92029,106.644315,3.83246739357705,125,90,2
125,20.92303,106.65322,4.159186857421262,125,90,2
125,20.998044999999998,106.680995,1.5229272963900118,125,90,2
125,20.922964999999998,106.652255,7.36321531721456,125,90,2
125,20.943615,106.670665,1.5231855554196436,125,90,2
125,21.052695,106.62952,2.3572061319808695,125,125,2
125,21.70503,106.67954,4.909818921813533,125,125,2
125,21.713234999999997,106.681575,1.5194787087785997,125,125,2
125,20.842464999999997,106.74929,6.340613081328063,60,125,2
125,20.84284,106.70553000000001,6.627279273765659,60,125,2
125,20.96203,106.74944,4.452800000226915,125,0,2
125,20.97294,106.75763,3.046092875731469,125,60,2
125,20.97385,106.76073,2.0788873951645503,0,125,2
125,20.975735,106.757515,1.5230332434796774,125,60,2
125,20.94716,106.79609,2.2263999999157136,50,125,2
125,20.97389,106.760145,5.197217099235107,125,0,2
125,20.97148,106.756845,2.457098752553676,125,60,2
125,21.21559,106.75513000000001,10.65529824032202,125,125,2
125,21.208635,106.77646999999999,5.32780116957251,125,125,2
125,20.97046,107.03667999999999,2.0789345427207837,125,0,2
